experimentPhase,trialnum,subject,task,answerPos0,cueSpatialPos1,cueEccentricity1,m1,m2,m3,m4,m5,m6,m7,m8,m9,m10,m11,m12,m13,m14,m15,m16,m17,m18,m19,m20,m21,m22,m23,m24,m25,m26,c1,c2,c3,c4,c5,c6,c7,c8,c9,c10,c11,c12,c13,c14,c15,c16,c17,c18,c19,c20,c21,c22,c23,c24,c25,c26,timingBlips
RSVP_two_streams_bigger_cue_size_new ,0 ,16 , T1 ,14 ,"[1, 0] ",10.0 ,T ,P ,L ,M ,X ,J ,W ,D ,N ,K ,V ,B ,U ,Y ,I ,Z ,C ,Q ,E ,F ,A ,S ,G ,R ,H ,O ,A ,N ,Q ,S ,V ,W ,C ,T ,L ,J ,R ,K ,X ,  ,O ,H ,M ,Y ,I ,Z ,U ,F ,D ,E ,G ,P ,0
RSVP_two_streams_bigger_cue_size_new ,1 ,16 , T1 ,6 ,"[-1, 0] ",10.0 ,E ,G ,F ,K ,S ,B ,W ,Y ,Z ,I ,P ,H ,D ,M ,O ,Q ,J ,X ,V ,R ,N ,A ,C ,L ,T ,U ,O ,D ,Q ,Z ,B ,  ,I ,J ,N ,M ,H ,R ,L ,G ,S ,F ,V ,Y ,K ,T ,U ,P ,A ,X ,C ,E ,0
RSVP_two_streams_bigger_cue_size_new ,2 ,16 , T1 ,10 ,"[-1, 0] ",3.0 ,Q ,G ,I ,X ,E ,Z ,D ,C ,T ,R ,S ,V ,O ,N ,L ,H ,F ,K ,B ,W ,M ,P ,A ,U ,J ,Y ,Z ,P ,F ,C ,S ,O ,R ,G ,T ,  ,V ,Q ,E ,B ,X ,I ,A ,N ,W ,M ,K ,D ,H ,U ,Y ,L ,0
RSVP_two_streams_bigger_cue_size_new ,3 ,16 , T1 ,22 ,"[1, 0] ",3.0 ,U ,J ,S ,V ,X ,C ,W ,N ,Y ,L ,E ,R ,I ,P ,Z ,A ,B ,F ,Q ,O ,K ,T ,G ,M ,D ,H ,W ,X ,C ,B ,L ,H ,V ,A ,Y ,F ,G ,Q ,T ,U ,N ,Z ,J ,S ,I ,P ,K ,  ,E ,O ,R ,D ,0
RSVP_two_streams_bigger_cue_size_new ,4 ,16 , T1 ,18 ,"[1, 0] ",3.0 ,I ,R ,D ,C ,A ,J ,H ,E ,X ,L ,N ,B ,T ,Q ,U ,Y ,P ,M ,K ,W ,S ,G ,V ,F ,O ,Z ,T ,O ,P ,S ,H ,N ,Q ,I ,K ,U ,R ,X ,B ,Y ,C ,A ,Z ,  ,M ,L ,D ,J ,V ,G ,W ,E ,0
RSVP_two_streams_bigger_cue_size_new ,5 ,16 , T1 ,10 ,"[-1, 0] ",3.0 ,U ,K ,C ,R ,F ,D ,A ,Q ,Y ,H ,J ,I ,Z ,E ,B ,N ,L ,O ,G ,V ,T ,W ,S ,P ,M ,X ,F ,W ,L ,E ,G ,I ,B ,M ,Q ,  ,X ,V ,O ,U ,S ,K ,H ,D ,A ,C ,Z ,R ,Y ,J ,N ,P ,0
RSVP_two_streams_bigger_cue_size_new ,6 ,16 , T1 ,18 ,"[-1, 0] ",10.0 ,X ,G ,F ,E ,D ,R ,H ,S ,W ,L ,Z ,J ,U ,V ,T ,K ,Q ,O ,Y ,P ,N ,A ,B ,C ,M ,I ,V ,X ,P ,J ,B ,M ,N ,Z ,H ,G ,I ,S ,Q ,C ,L ,U ,F ,  ,O ,Y ,T ,D ,E ,R ,K ,A ,0
RSVP_two_streams_bigger_cue_size_new ,7 ,16 , T1 ,18 ,"[1, 0] ",10.0 ,S ,M ,K ,X ,F ,Y ,B ,I ,N ,R ,G ,P ,E ,D ,W ,U ,V ,A ,C ,T ,J ,H ,L ,Z ,O ,Q ,F ,E ,U ,D ,V ,G ,B ,M ,Q ,K ,W ,I ,O ,R ,H ,J ,T ,  ,C ,S ,A ,X ,N ,P ,Y ,Z ,0
RSVP_two_streams_bigger_cue_size_new ,8 ,16 , T1 ,22 ,"[-1, 0] ",3.0 ,R ,V ,T ,F ,M ,O ,Y ,A ,Z ,S ,J ,L ,X ,G ,U ,C ,Q ,H ,B ,K ,W ,D ,N ,I ,P ,E ,B ,O ,Q ,I ,W ,M ,X ,U ,K ,S ,Z ,R ,D ,N ,T ,C ,J ,H ,A ,Y ,F ,  ,G ,E ,V ,P ,0
RSVP_two_streams_bigger_cue_size_new ,9 ,16 , T1 ,18 ,"[-1, 0] ",3.0 ,E ,Q ,J ,N ,H ,D ,W ,Y ,F ,R ,P ,B ,S ,L ,O ,X ,T ,C ,Z ,I ,U ,A ,M ,V ,K ,G ,Y ,V ,C ,S ,X ,M ,F ,A ,L ,G ,R ,I ,H ,T ,Q ,B ,D ,  ,Z ,O ,P ,U ,E ,W ,J ,N ,0
RSVP_two_streams_bigger_cue_size_new ,10 ,16 , T1 ,14 ,"[1, 0] ",10.0 ,B ,Z ,G ,L ,D ,T ,M ,O ,W ,E ,P ,X ,F ,H ,I ,J ,R ,Y ,U ,K ,V ,Q ,C ,A ,N ,S ,O ,Y ,H ,D ,G ,N ,I ,M ,P ,E ,Z ,C ,F ,  ,L ,W ,B ,X ,Q ,J ,A ,K ,U ,R ,S ,V ,0
RSVP_two_streams_bigger_cue_size_new ,11 ,16 , T1 ,22 ,"[-1, 0] ",3.0 ,M ,J ,V ,K ,H ,W ,A ,D ,R ,N ,B ,X ,Y ,L ,E ,P ,C ,I ,F ,Q ,Z ,U ,O ,G ,T ,S ,A ,R ,H ,W ,Y ,Z ,U ,Q ,E ,X ,S ,F ,V ,O ,C ,P ,T ,D ,L ,G ,N ,  ,I ,K ,B ,J ,0
RSVP_two_streams_bigger_cue_size_new ,12 ,16 , T1 ,10 ,"[-1, 0] ",10.0 ,E ,Z ,L ,X ,N ,J ,I ,U ,P ,C ,K ,G ,F ,D ,B ,O ,R ,Y ,H ,A ,W ,T ,V ,Q ,M ,S ,L ,R ,O ,V ,T ,D ,C ,U ,Z ,  ,G ,S ,Y ,E ,I ,K ,X ,W ,H ,A ,P ,B ,F ,M ,N ,Q ,0
RSVP_two_streams_bigger_cue_size_new ,13 ,16 , T1 ,6 ,"[-1, 0] ",10.0 ,U ,O ,F ,W ,Q ,D ,I ,E ,S ,L ,T ,X ,B ,K ,M ,P ,R ,A ,N ,Z ,Y ,G ,V ,H ,J ,C ,K ,O ,U ,P ,H ,  ,E ,V ,Y ,T ,G ,C ,X ,Z ,F ,W ,R ,A ,J ,I ,Q ,S ,M ,D ,L ,B ,0
RSVP_two_streams_bigger_cue_size_new ,14 ,16 , T1 ,18 ,"[-1, 0] ",3.0 ,Y ,R ,H ,B ,K ,P ,E ,C ,F ,X ,Z ,W ,Q ,S ,A ,M ,N ,G ,J ,D ,T ,L ,U ,V ,O ,I ,P ,C ,Y ,E ,I ,K ,M ,A ,S ,X ,J ,W ,B ,F ,L ,D ,N ,  ,V ,T ,U ,O ,Q ,R ,H ,Z ,0
RSVP_two_streams_bigger_cue_size_new ,15 ,16 , T1 ,14 ,"[-1, 0] ",3.0 ,M ,K ,V ,U ,L ,F ,Y ,N ,Q ,I ,A ,W ,O ,X ,D ,S ,B ,G ,J ,Z ,E ,P ,T ,C ,H ,R ,T ,E ,K ,G ,S ,R ,Y ,D ,P ,J ,H ,N ,L ,  ,V ,O ,U ,B ,A ,I ,F ,W ,X ,Q ,Z ,M ,1
RSVP_two_streams_bigger_cue_size_new ,16 ,16 , T1 ,10 ,"[-1, 0] ",10.0 ,Y ,H ,G ,B ,A ,Z ,W ,O ,P ,E ,Q ,N ,L ,X ,U ,R ,J ,S ,K ,F ,C ,I ,D ,M ,T ,V ,G ,U ,I ,Z ,D ,B ,N ,J ,W ,  ,C ,H ,R ,P ,Y ,X ,V ,K ,M ,T ,E ,L ,F ,S ,O ,A ,0
RSVP_two_streams_bigger_cue_size_new ,17 ,16 , T1 ,22 ,"[1, 0] ",3.0 ,N ,B ,T ,S ,R ,G ,L ,X ,O ,D ,E ,H ,I ,K ,P ,Q ,Z ,C ,M ,W ,J ,F ,V ,A ,Y ,U ,I ,N ,R ,U ,T ,P ,J ,B ,X ,W ,C ,V ,A ,F ,E ,K ,H ,G ,M ,O ,L ,  ,Z ,Y ,S ,Q ,0
RSVP_two_streams_bigger_cue_size_new ,18 ,16 , T1 ,18 ,"[-1, 0] ",10.0 ,Q ,R ,H ,W ,C ,O ,F ,N ,P ,J ,S ,E ,U ,A ,T ,Y ,G ,L ,Z ,V ,D ,M ,K ,I ,X ,B ,Y ,E ,Z ,A ,P ,V ,X ,J ,R ,K ,O ,T ,U ,H ,I ,B ,N ,  ,L ,F ,C ,W ,S ,G ,M ,Q ,0
RSVP_two_streams_bigger_cue_size_new ,19 ,16 , T1 ,10 ,"[-1, 0] ",10.0 ,V ,I ,W ,F ,O ,H ,B ,L ,K ,D ,Q ,M ,A ,R ,Y ,J ,S ,T ,C ,X ,U ,P ,N ,E ,Z ,G ,U ,K ,G ,H ,Q ,B ,R ,D ,S ,  ,E ,C ,T ,I ,L ,F ,N ,O ,A ,P ,X ,V ,Z ,W ,J ,M ,0
RSVP_two_streams_bigger_cue_size_new ,20 ,16 , T1 ,22 ,"[1, 0] ",10.0 ,E ,J ,O ,Y ,W ,H ,R ,U ,M ,V ,G ,K ,P ,D ,N ,T ,S ,C ,B ,I ,A ,Z ,L ,F ,X ,Q ,T ,G ,X ,V ,U ,Q ,H ,D ,N ,S ,I ,C ,Y ,R ,O ,L ,B ,M ,P ,J ,W ,  ,Z ,F ,E ,K ,0
RSVP_two_streams_bigger_cue_size_new ,21 ,16 , T1 ,10 ,"[1, 0] ",10.0 ,Q ,P ,H ,D ,Y ,X ,U ,I ,S ,K ,O ,V ,C ,J ,E ,M ,L ,G ,W ,Z ,T ,N ,R ,B ,F ,A ,C ,P ,Q ,U ,G ,R ,Z ,L ,V ,  ,M ,W ,D ,T ,Y ,F ,H ,K ,N ,A ,I ,S ,B ,E ,X ,O ,0
RSVP_two_streams_bigger_cue_size_new ,22 ,16 , T1 ,14 ,"[1, 0] ",3.0 ,H ,P ,M ,N ,S ,B ,Y ,R ,I ,C ,K ,G ,L ,E ,J ,O ,Z ,T ,X ,F ,A ,V ,U ,W ,D ,Q ,U ,Q ,T ,L ,X ,I ,C ,Y ,D ,N ,M ,Z ,E ,  ,F ,O ,P ,A ,K ,B ,R ,W ,H ,S ,J ,V ,0
RSVP_two_streams_bigger_cue_size_new ,23 ,16 , T1 ,18 ,"[1, 0] ",3.0 ,U ,D ,B ,L ,I ,W ,O ,Y ,C ,X ,A ,E ,G ,S ,P ,F ,Q ,K ,J ,V ,M ,R ,H ,T ,N ,Z ,V ,Q ,I ,Y ,D ,R ,Z ,O ,G ,H ,E ,N ,M ,A ,K ,C ,W ,  ,X ,J ,U ,P ,S ,L ,F ,B ,0
RSVP_two_streams_bigger_cue_size_new ,24 ,16 , T1 ,18 ,"[1, 0] ",3.0 ,Y ,B ,Z ,S ,K ,T ,M ,L ,F ,O ,V ,X ,U ,Q ,A ,N ,P ,R ,J ,D ,W ,G ,I ,E ,H ,C ,Z ,P ,E ,R ,H ,K ,B ,M ,S ,N ,O ,V ,I ,U ,F ,D ,W ,  ,Q ,J ,T ,C ,Y ,A ,X ,L ,0
RSVP_two_streams_bigger_cue_size_new ,25 ,16 , T1 ,14 ,"[1, 0] ",10.0 ,A ,J ,F ,H ,Q ,N ,O ,P ,D ,U ,B ,Z ,W ,T ,X ,M ,S ,G ,K ,L ,I ,R ,C ,Y ,V ,E ,U ,I ,X ,S ,O ,Q ,G ,A ,F ,V ,E ,K ,L ,  ,Y ,W ,J ,D ,R ,Z ,C ,T ,H ,M ,P ,B ,0
RSVP_two_streams_bigger_cue_size_new ,26 ,16 , T1 ,14 ,"[1, 0] ",3.0 ,A ,R ,U ,N ,P ,L ,X ,O ,Z ,Y ,K ,G ,B ,S ,C ,E ,W ,D ,F ,V ,T ,H ,M ,I ,J ,Q ,D ,I ,L ,J ,B ,C ,O ,S ,P ,N ,K ,V ,T ,  ,Q ,F ,X ,Y ,M ,E ,G ,U ,W ,R ,Z ,A ,0
RSVP_two_streams_bigger_cue_size_new ,27 ,16 , T1 ,6 ,"[1, 0] ",10.0 ,W ,N ,Y ,U ,F ,D ,B ,H ,E ,I ,A ,M ,Z ,K ,R ,L ,S ,G ,C ,T ,Q ,P ,J ,V ,X ,O ,Y ,K ,J ,W ,M ,  ,O ,S ,I ,B ,Z ,R ,C ,X ,P ,F ,V ,N ,L ,Q ,T ,G ,A ,U ,E ,D ,0
RSVP_two_streams_bigger_cue_size_new ,28 ,16 , T1 ,10 ,"[1, 0] ",3.0 ,H ,B ,J ,L ,O ,Y ,Z ,K ,M ,S ,G ,P ,T ,E ,W ,V ,D ,R ,C ,A ,F ,X ,N ,I ,U ,Q ,K ,W ,M ,C ,U ,L ,P ,V ,Y ,  ,N ,F ,H ,Z ,S ,G ,D ,R ,Q ,X ,B ,A ,E ,I ,O ,J ,0
RSVP_two_streams_bigger_cue_size_new ,29 ,16 , T1 ,22 ,"[-1, 0] ",3.0 ,N ,U ,E ,I ,G ,L ,W ,R ,C ,M ,S ,K ,J ,H ,Y ,O ,V ,A ,D ,B ,Z ,X ,F ,T ,P ,Q ,P ,U ,C ,T ,M ,V ,W ,Q ,E ,S ,Y ,K ,D ,H ,Z ,I ,R ,J ,O ,G ,L ,  ,B ,A ,X ,F ,0
RSVP_two_streams_bigger_cue_size_new ,30 ,16 , T1 ,6 ,"[-1, 0] ",3.0 ,Q ,R ,C ,F ,P ,V ,D ,U ,L ,N ,Y ,M ,O ,G ,E ,H ,B ,I ,A ,Z ,X ,T ,W ,J ,K ,S ,D ,S ,J ,T ,Q ,  ,B ,P ,F ,V ,G ,C ,A ,R ,Y ,Z ,H ,K ,L ,X ,U ,N ,W ,I ,O ,E ,0
RSVP_two_streams_bigger_cue_size_new ,31 ,16 , T1 ,10 ,"[1, 0] ",3.0 ,V ,Z ,K ,O ,D ,U ,P ,G ,T ,Y ,R ,C ,A ,N ,E ,B ,S ,M ,I ,F ,H ,L ,J ,Q ,X ,W ,T ,J ,X ,P ,S ,E ,F ,L ,G ,  ,A ,Q ,W ,R ,Z ,M ,O ,V ,H ,Y ,C ,N ,I ,U ,K ,B ,0
RSVP_two_streams_bigger_cue_size_new ,32 ,16 , T1 ,6 ,"[1, 0] ",3.0 ,G ,C ,L ,Y ,R ,M ,Q ,E ,J ,S ,U ,O ,P ,H ,I ,W ,T ,Z ,D ,B ,X ,A ,F ,V ,N ,K ,X ,Q ,H ,G ,I ,  ,C ,U ,R ,Z ,M ,J ,E ,V ,B ,T ,N ,Y ,F ,K ,L ,O ,D ,W ,A ,S ,0
RSVP_two_streams_bigger_cue_size_new ,33 ,16 , T1 ,14 ,"[-1, 0] ",3.0 ,Y ,X ,N ,P ,S ,G ,M ,B ,F ,L ,E ,T ,C ,R ,O ,D ,V ,H ,A ,Z ,K ,U ,W ,I ,Q ,J ,L ,C ,S ,K ,J ,V ,G ,Q ,X ,M ,B ,R ,I ,  ,Z ,A ,Y ,N ,F ,D ,U ,O ,E ,P ,T ,H ,0
RSVP_two_streams_bigger_cue_size_new ,34 ,16 , T1 ,6 ,"[-1, 0] ",3.0 ,I ,N ,D ,B ,K ,X ,M ,Q ,Z ,A ,Y ,J ,P ,V ,R ,U ,W ,H ,F ,C ,G ,T ,O ,L ,S ,E ,Y ,G ,I ,K ,B ,  ,R ,V ,T ,E ,L ,W ,H ,D ,A ,N ,X ,M ,C ,F ,J ,Z ,S ,U ,Q ,O ,0
RSVP_two_streams_bigger_cue_size_new ,35 ,16 , T1 ,14 ,"[-1, 0] ",3.0 ,Y ,F ,N ,M ,W ,K ,B ,A ,J ,L ,O ,R ,D ,E ,P ,Q ,Z ,U ,T ,S ,H ,I ,G ,V ,X ,C ,U ,I ,F ,T ,J ,N ,B ,C ,Z ,P ,R ,H ,Y ,  ,S ,D ,X ,A ,E ,Q ,L ,M ,G ,K ,V ,W ,0
RSVP_two_streams_bigger_cue_size_new ,36 ,16 , T1 ,22 ,"[-1, 0] ",3.0 ,L ,E ,Z ,P ,J ,C ,T ,B ,X ,N ,G ,D ,S ,V ,O ,M ,I ,Y ,W ,U ,F ,H ,A ,K ,Q ,R ,K ,R ,Y ,E ,T ,Z ,B ,F ,Q ,P ,M ,D ,A ,O ,C ,L ,I ,U ,N ,V ,J ,  ,H ,G ,X ,W ,0
RSVP_two_streams_bigger_cue_size_new ,37 ,16 , T1 ,14 ,"[-1, 0] ",10.0 ,A ,R ,Q ,J ,Z ,Y ,N ,W ,L ,X ,M ,K ,B ,H ,U ,F ,O ,C ,S ,E ,D ,G ,P ,I ,V ,T ,Y ,T ,U ,S ,O ,Q ,F ,J ,G ,I ,V ,M ,H ,  ,W ,Z ,E ,C ,P ,D ,L ,R ,N ,B ,X ,K ,0
RSVP_two_streams_bigger_cue_size_new ,38 ,16 , T1 ,14 ,"[-1, 0] ",10.0 ,F ,L ,I ,E ,A ,G ,Q ,C ,P ,M ,W ,J ,R ,T ,Y ,B ,N ,O ,Z ,K ,H ,D ,U ,S ,X ,V ,D ,J ,F ,Y ,V ,G ,B ,E ,Z ,W ,H ,C ,N ,  ,Q ,T ,O ,X ,A ,R ,I ,U ,P ,L ,M ,K ,0
RSVP_two_streams_bigger_cue_size_new ,39 ,16 , T1 ,14 ,"[1, 0] ",3.0 ,H ,T ,V ,E ,D ,O ,C ,Z ,X ,Y ,R ,B ,K ,L ,U ,P ,F ,I ,M ,S ,A ,W ,Q ,G ,N ,J ,K ,C ,O ,I ,F ,B ,V ,M ,S ,T ,P ,Y ,E ,  ,X ,G ,W ,H ,Z ,A ,Q ,N ,U ,J ,R ,L ,0
RSVP_two_streams_bigger_cue_size_new ,40 ,16 , T1 ,14 ,"[-1, 0] ",10.0 ,M ,C ,S ,K ,G ,A ,W ,O ,X ,F ,T ,H ,I ,U ,Y ,V ,N ,E ,P ,B ,J ,R ,D ,Z ,L ,Q ,G ,K ,L ,P ,C ,I ,H ,Q ,N ,S ,Y ,F ,M ,  ,W ,O ,R ,E ,D ,A ,U ,B ,V ,T ,X ,Z ,0
RSVP_two_streams_bigger_cue_size_new ,41 ,16 , T1 ,6 ,"[1, 0] ",3.0 ,Q ,X ,O ,P ,Y ,B ,L ,R ,T ,E ,C ,A ,H ,J ,D ,V ,N ,F ,G ,M ,U ,Z ,W ,I ,K ,S ,X ,O ,W ,R ,Q ,  ,L ,I ,N ,K ,Z ,Y ,B ,E ,T ,D ,M ,A ,S ,U ,C ,F ,J ,H ,G ,V ,0
RSVP_two_streams_bigger_cue_size_new ,42 ,16 , T1 ,18 ,"[1, 0] ",3.0 ,O ,U ,A ,W ,P ,I ,V ,C ,E ,N ,Y ,L ,M ,G ,R ,D ,J ,B ,F ,S ,X ,H ,Z ,Q ,T ,K ,E ,S ,C ,G ,U ,A ,V ,N ,F ,O ,M ,T ,K ,Q ,D ,H ,I ,  ,L ,B ,Y ,J ,R ,X ,W ,Z ,0
RSVP_two_streams_bigger_cue_size_new ,43 ,16 , T1 ,6 ,"[-1, 0] ",3.0 ,K ,I ,H ,C ,U ,Z ,T ,F ,L ,X ,Q ,G ,N ,S ,W ,Y ,E ,R ,V ,P ,D ,O ,B ,A ,J ,M ,M ,J ,Q ,P ,F ,  ,S ,L ,R ,C ,W ,A ,G ,H ,D ,O ,E ,K ,Z ,I ,N ,V ,X ,T ,Y ,U ,0
RSVP_two_streams_bigger_cue_size_new ,44 ,16 , T1 ,14 ,"[-1, 0] ",3.0 ,Q ,Y ,X ,N ,U ,J ,T ,O ,C ,V ,D ,F ,Z ,H ,K ,B ,M ,W ,L ,P ,S ,I ,G ,A ,R ,E ,E ,B ,Z ,N ,P ,C ,Y ,W ,U ,X ,M ,H ,Q ,  ,A ,F ,D ,I ,S ,T ,J ,G ,K ,R ,L ,O ,0
RSVP_two_streams_bigger_cue_size_new ,45 ,16 , T1 ,6 ,"[1, 0] ",10.0 ,V ,Z ,L ,I ,R ,J ,S ,U ,Y ,N ,P ,F ,D ,E ,H ,M ,A ,B ,X ,K ,W ,G ,C ,Q ,T ,O ,A ,E ,V ,F ,W ,  ,G ,T ,I ,J ,O ,Q ,U ,C ,Y ,B ,D ,L ,X ,K ,Z ,H ,R ,M ,S ,P ,0
RSVP_two_streams_bigger_cue_size_new ,46 ,16 , T1 ,10 ,"[1, 0] ",10.0 ,Z ,X ,P ,F ,Q ,K ,N ,W ,A ,M ,I ,V ,E ,B ,H ,T ,R ,U ,L ,D ,S ,O ,Y ,J ,G ,C ,K ,N ,B ,D ,T ,Y ,X ,Z ,W ,  ,H ,M ,O ,L ,C ,A ,S ,J ,G ,F ,R ,V ,I ,E ,Q ,P ,0
RSVP_two_streams_bigger_cue_size_new ,47 ,16 , T1 ,18 ,"[-1, 0] ",10.0 ,S ,G ,Y ,O ,D ,H ,T ,C ,P ,Q ,Z ,I ,A ,J ,M ,W ,R ,X ,V ,N ,E ,U ,K ,F ,L ,B ,F ,J ,O ,B ,X ,S ,Q ,U ,I ,V ,Z ,G ,T ,M ,H ,Y ,L ,  ,E ,C ,D ,P ,A ,W ,N ,R ,0
RSVP_two_streams_bigger_cue_size_new ,48 ,16 , T1 ,6 ,"[-1, 0] ",3.0 ,G ,T ,M ,I ,S ,N ,C ,K ,R ,D ,P ,Q ,X ,E ,W ,A ,V ,H ,F ,J ,Z ,U ,O ,Y ,L ,B ,M ,N ,O ,T ,L ,  ,V ,X ,D ,C ,A ,R ,Z ,I ,Q ,W ,K ,F ,P ,H ,E ,J ,Y ,U ,G ,B ,0
RSVP_two_streams_bigger_cue_size_new ,49 ,16 , T1 ,22 ,"[1, 0] ",10.0 ,P ,V ,X ,N ,O ,B ,G ,C ,L ,T ,R ,F ,U ,K ,I ,D ,Q ,Z ,Y ,S ,A ,M ,J ,E ,H ,W ,C ,N ,Q ,P ,D ,W ,K ,Y ,B ,O ,I ,A ,G ,H ,L ,S ,E ,T ,F ,Z ,U ,  ,X ,M ,R ,V ,0
RSVP_two_streams_bigger_cue_size_new ,50 ,16 , T1 ,18 ,"[-1, 0] ",3.0 ,P ,O ,I ,D ,W ,M ,V ,S ,F ,B ,N ,T ,X ,U ,A ,E ,C ,L ,K ,Y ,H ,G ,J ,R ,Z ,Q ,K ,D ,H ,E ,J ,G ,S ,T ,U ,C ,F ,L ,I ,X ,W ,O ,Z ,  ,Y ,N ,B ,M ,A ,R ,Q ,P ,0
RSVP_two_streams_bigger_cue_size_new ,51 ,16 , T1 ,10 ,"[-1, 0] ",10.0 ,N ,E ,O ,W ,B ,I ,A ,M ,J ,Y ,D ,H ,U ,S ,V ,F ,Q ,L ,Z ,G ,K ,X ,T ,C ,R ,P ,V ,W ,F ,D ,A ,N ,K ,X ,C ,  ,U ,T ,P ,H ,Z ,B ,S ,L ,Y ,R ,O ,E ,Q ,M ,G ,J ,0
RSVP_two_streams_bigger_cue_size_new ,52 ,16 , T1 ,18 ,"[1, 0] ",10.0 ,Y ,P ,R ,L ,V ,K ,F ,N ,B ,Z ,X ,O ,E ,H ,J ,C ,I ,A ,M ,D ,T ,S ,U ,G ,W ,Q ,K ,M ,Z ,G ,H ,Q ,D ,C ,R ,V ,P ,J ,O ,Y ,E ,A ,W ,  ,F ,X ,U ,B ,I ,L ,N ,T ,0
RSVP_two_streams_bigger_cue_size_new ,53 ,16 , T1 ,10 ,"[-1, 0] ",3.0 ,D ,W ,O ,L ,Z ,R ,H ,Q ,K ,C ,Y ,E ,B ,V ,M ,U ,A ,J ,P ,N ,I ,G ,F ,X ,T ,S ,D ,M ,X ,Q ,I ,V ,A ,P ,G ,  ,O ,Y ,R ,E ,U ,J ,T ,N ,L ,K ,F ,W ,B ,Z ,H ,S ,0
RSVP_two_streams_bigger_cue_size_new ,54 ,16 , T1 ,14 ,"[-1, 0] ",3.0 ,V ,F ,H ,A ,P ,G ,Z ,O ,C ,X ,S ,T ,E ,R ,W ,Q ,U ,I ,L ,K ,B ,J ,Y ,D ,M ,N ,Z ,K ,B ,P ,W ,N ,V ,I ,Q ,O ,F ,D ,S ,  ,J ,R ,H ,X ,C ,E ,A ,L ,T ,U ,Y ,G ,0
RSVP_two_streams_bigger_cue_size_new ,55 ,16 , T1 ,18 ,"[1, 0] ",10.0 ,V ,C ,H ,N ,U ,Q ,T ,J ,R ,O ,M ,I ,S ,B ,F ,D ,P ,A ,E ,Y ,K ,W ,G ,Z ,X ,L ,Q ,L ,V ,Y ,A ,O ,W ,P ,R ,Z ,K ,S ,N ,T ,U ,B ,M ,  ,C ,I ,F ,H ,J ,G ,E ,D ,0
RSVP_two_streams_bigger_cue_size_new ,56 ,16 , T1 ,22 ,"[-1, 0] ",3.0 ,G ,F ,Z ,H ,R ,S ,X ,J ,U ,B ,E ,P ,C ,L ,M ,K ,Q ,A ,W ,O ,N ,V ,D ,T ,I ,Y ,J ,O ,G ,Q ,B ,K ,V ,R ,E ,N ,A ,U ,W ,H ,F ,D ,L ,Z ,S ,P ,Y ,  ,I ,T ,X ,C ,0
RSVP_two_streams_bigger_cue_size_new ,57 ,16 , T1 ,6 ,"[1, 0] ",3.0 ,C ,E ,T ,H ,B ,Q ,J ,K ,A ,M ,G ,P ,S ,W ,Y ,V ,U ,R ,I ,Z ,F ,X ,O ,L ,N ,D ,K ,N ,C ,E ,J ,  ,Y ,G ,S ,I ,O ,Z ,D ,P ,F ,W ,V ,H ,T ,B ,U ,X ,L ,R ,Q ,A ,0
RSVP_two_streams_bigger_cue_size_new ,58 ,16 , T1 ,22 ,"[-1, 0] ",3.0 ,Q ,L ,U ,I ,Y ,O ,A ,K ,Z ,V ,R ,M ,E ,C ,P ,S ,B ,W ,F ,H ,N ,G ,J ,T ,X ,D ,A ,N ,J ,Y ,S ,M ,Z ,R ,O ,Q ,H ,L ,P ,B ,D ,U ,G ,C ,F ,X ,I ,  ,E ,W ,K ,T ,0
RSVP_two_streams_bigger_cue_size_new ,59 ,16 , T1 ,14 ,"[1, 0] ",3.0 ,F ,G ,K ,U ,P ,D ,H ,O ,Y ,T ,W ,S ,E ,R ,B ,L ,N ,Z ,M ,C ,V ,I ,X ,A ,J ,Q ,K ,Q ,I ,T ,B ,X ,W ,V ,J ,L ,R ,Z ,E ,  ,G ,D ,A ,N ,S ,F ,U ,Y ,H ,C ,M ,O ,0
RSVP_two_streams_bigger_cue_size_new ,60 ,16 , T1 ,10 ,"[-1, 0] ",10.0 ,Z ,I ,X ,F ,C ,J ,O ,A ,B ,V ,P ,E ,L ,W ,G ,U ,Q ,Y ,K ,N ,S ,M ,R ,D ,H ,T ,Y ,Q ,J ,L ,D ,U ,W ,C ,F ,  ,P ,K ,X ,H ,V ,A ,G ,R ,I ,N ,O ,B ,S ,M ,Z ,E ,0
RSVP_two_streams_bigger_cue_size_new ,61 ,16 , T1 ,14 ,"[-1, 0] ",10.0 ,V ,T ,Z ,N ,O ,I ,Q ,Y ,B ,P ,K ,U ,L ,H ,M ,E ,C ,W ,A ,D ,F ,R ,G ,S ,X ,J ,U ,D ,F ,O ,G ,S ,V ,B ,A ,Y ,L ,P ,J ,  ,X ,Z ,H ,E ,I ,C ,M ,R ,N ,T ,Q ,K ,0
RSVP_two_streams_bigger_cue_size_new ,62 ,16 , T1 ,10 ,"[1, 0] ",3.0 ,T ,C ,S ,Y ,Z ,R ,Q ,K ,D ,J ,O ,M ,X ,B ,U ,H ,A ,N ,E ,G ,F ,I ,L ,P ,V ,W ,C ,Z ,E ,Q ,U ,L ,K ,Y ,J ,  ,G ,P ,A ,V ,X ,W ,M ,H ,R ,I ,T ,B ,D ,N ,F ,S ,0
RSVP_two_streams_bigger_cue_size_new ,63 ,16 , T1 ,10 ,"[1, 0] ",10.0 ,H ,D ,F ,N ,X ,M ,T ,V ,Z ,P ,E ,I ,C ,K ,A ,W ,O ,S ,L ,G ,Y ,R ,Q ,B ,U ,J ,V ,F ,M ,R ,I ,G ,H ,D ,Z ,  ,P ,Y ,E ,Q ,C ,B ,J ,K ,L ,O ,N ,A ,U ,S ,T ,X ,0
RSVP_two_streams_bigger_cue_size_new ,64 ,16 , T1 ,22 ,"[-1, 0] ",10.0 ,C ,J ,S ,B ,U ,R ,P ,Z ,X ,V ,L ,Y ,W ,O ,I ,H ,E ,F ,T ,K ,D ,G ,M ,N ,Q ,A ,P ,C ,A ,B ,X ,J ,M ,R ,F ,S ,G ,E ,I ,O ,W ,Z ,Y ,D ,N ,H ,L ,  ,U ,Q ,T ,K ,0
RSVP_two_streams_bigger_cue_size_new ,65 ,16 , T1 ,18 ,"[-1, 0] ",3.0 ,F ,I ,P ,N ,O ,V ,A ,Q ,D ,G ,U ,Y ,W ,X ,C ,E ,R ,H ,T ,L ,M ,J ,S ,K ,B ,Z ,P ,R ,W ,G ,D ,K ,U ,E ,V ,N ,F ,T ,H ,A ,M ,Z ,B ,  ,L ,J ,C ,S ,X ,O ,I ,Q ,1
RSVP_two_streams_bigger_cue_size_new ,66 ,16 , T1 ,6 ,"[-1, 0] ",10.0 ,T ,P ,W ,G ,L ,D ,U ,I ,H ,N ,C ,O ,F ,E ,A ,Y ,Z ,B ,X ,J ,Q ,R ,K ,S ,M ,V ,Z ,D ,W ,T ,U ,  ,H ,F ,E ,S ,X ,M ,R ,G ,Q ,L ,N ,V ,J ,C ,K ,Y ,P ,B ,A ,O ,0
RSVP_two_streams_bigger_cue_size_new ,67 ,16 , T1 ,10 ,"[-1, 0] ",10.0 ,M ,E ,K ,O ,F ,T ,P ,D ,W ,A ,U ,J ,Y ,B ,N ,Z ,S ,X ,G ,Q ,I ,H ,C ,V ,L ,R ,B ,O ,X ,M ,P ,C ,G ,D ,F ,  ,S ,H ,E ,R ,U ,Y ,N ,V ,A ,Q ,T ,L ,J ,Z ,K ,I ,0
RSVP_two_streams_bigger_cue_size_new ,68 ,16 , T1 ,14 ,"[1, 0] ",3.0 ,P ,C ,M ,B ,V ,L ,I ,Y ,Q ,T ,G ,S ,R ,J ,D ,H ,Z ,X ,A ,W ,E ,U ,O ,F ,N ,K ,X ,Q ,B ,S ,T ,I ,F ,W ,J ,L ,P ,N ,M ,  ,R ,H ,K ,D ,A ,G ,U ,O ,E ,Z ,C ,Y ,0
RSVP_two_streams_bigger_cue_size_new ,69 ,16 , T1 ,22 ,"[1, 0] ",3.0 ,Z ,R ,D ,A ,G ,N ,K ,L ,Q ,S ,W ,V ,T ,I ,P ,U ,F ,M ,J ,E ,C ,B ,Y ,X ,H ,O ,R ,D ,M ,T ,J ,Z ,Y ,V ,E ,C ,X ,I ,S ,K ,N ,L ,G ,H ,B ,Q ,F ,  ,A ,U ,O ,P ,0
RSVP_two_streams_bigger_cue_size_new ,70 ,16 , T1 ,6 ,"[-1, 0] ",10.0 ,E ,D ,N ,K ,G ,X ,F ,Z ,A ,S ,P ,H ,V ,T ,B ,L ,J ,Q ,R ,Y ,U ,M ,O ,I ,W ,C ,L ,J ,H ,O ,Z ,  ,M ,K ,F ,P ,N ,Y ,D ,I ,Q ,X ,W ,G ,S ,R ,B ,C ,U ,A ,V ,T ,0
RSVP_two_streams_bigger_cue_size_new ,71 ,16 , T1 ,10 ,"[1, 0] ",10.0 ,J ,A ,T ,V ,M ,P ,B ,U ,F ,R ,X ,H ,D ,S ,G ,Y ,E ,W ,C ,K ,N ,L ,Q ,Z ,O ,I ,M ,W ,J ,D ,G ,H ,V ,T ,E ,  ,B ,I ,O ,A ,S ,X ,Z ,K ,F ,L ,P ,Y ,R ,Q ,U ,N ,0
RSVP_two_streams_bigger_cue_size_new ,72 ,16 , T1 ,14 ,"[-1, 0] ",10.0 ,S ,X ,W ,J ,C ,R ,F ,Z ,U ,T ,L ,N ,E ,B ,I ,D ,V ,Q ,A ,H ,G ,M ,O ,K ,P ,Y ,G ,W ,O ,L ,V ,E ,U ,M ,I ,Z ,X ,Q ,S ,  ,B ,A ,R ,C ,K ,T ,Y ,F ,N ,J ,D ,P ,0
RSVP_two_streams_bigger_cue_size_new ,73 ,16 , T1 ,14 ,"[-1, 0] ",3.0 ,M ,B ,G ,P ,U ,T ,A ,S ,F ,E ,J ,W ,N ,Z ,H ,I ,V ,L ,K ,R ,Y ,X ,C ,Q ,O ,D ,T ,E ,V ,J ,S ,W ,F ,X ,I ,M ,Q ,A ,N ,  ,K ,G ,R ,O ,P ,B ,D ,L ,C ,Z ,U ,H ,0
RSVP_two_streams_bigger_cue_size_new ,74 ,16 , T1 ,18 ,"[-1, 0] ",3.0 ,O ,M ,I ,F ,U ,X ,Y ,H ,A ,G ,J ,D ,T ,W ,B ,E ,L ,P ,K ,S ,V ,N ,R ,C ,Q ,Z ,P ,B ,Q ,X ,Z ,J ,K ,E ,W ,U ,M ,A ,H ,L ,F ,C ,R ,  ,O ,D ,T ,V ,S ,G ,N ,Y ,0
RSVP_two_streams_bigger_cue_size_new ,75 ,16 , T1 ,14 ,"[1, 0] ",3.0 ,O ,V ,Z ,W ,B ,H ,L ,M ,A ,X ,G ,T ,F ,P ,D ,Y ,E ,N ,K ,J ,I ,Q ,U ,R ,S ,C ,V ,D ,P ,T ,W ,M ,L ,J ,Z ,B ,F ,Y ,K ,  ,U ,I ,G ,E ,A ,O ,N ,X ,S ,H ,C ,R ,0
RSVP_two_streams_bigger_cue_size_new ,76 ,16 , T1 ,10 ,"[1, 0] ",3.0 ,Y ,F ,P ,X ,J ,C ,I ,B ,E ,O ,S ,G ,Q ,D ,H ,W ,R ,N ,Z ,K ,L ,A ,M ,T ,U ,V ,B ,A ,Z ,G ,V ,E ,Y ,O ,H ,  ,J ,Q ,F ,I ,N ,U ,L ,P ,S ,K ,W ,R ,T ,C ,M ,X ,0
RSVP_two_streams_bigger_cue_size_new ,77 ,16 , T1 ,6 ,"[-1, 0] ",3.0 ,V ,W ,B ,E ,X ,P ,C ,U ,R ,S ,A ,T ,Q ,O ,G ,D ,K ,L ,F ,Y ,N ,M ,Z ,H ,J ,I ,Y ,M ,G ,Z ,J ,  ,R ,Q ,K ,I ,N ,V ,D ,U ,W ,H ,L ,E ,X ,P ,O ,B ,A ,F ,S ,T ,0
RSVP_two_streams_bigger_cue_size_new ,78 ,16 , T1 ,18 ,"[-1, 0] ",10.0 ,P ,H ,N ,T ,R ,I ,Y ,E ,G ,C ,Q ,Z ,U ,F ,J ,S ,V ,X ,B ,M ,O ,K ,W ,D ,A ,L ,B ,U ,E ,I ,C ,A ,O ,P ,Y ,H ,D ,S ,W ,R ,G ,L ,K ,  ,Z ,Q ,V ,F ,T ,J ,X ,N ,1
RSVP_two_streams_bigger_cue_size_new ,79 ,16 , T1 ,22 ,"[1, 0] ",10.0 ,R ,Q ,Y ,I ,P ,C ,V ,G ,O ,D ,M ,F ,K ,U ,N ,E ,B ,S ,J ,X ,A ,Z ,T ,W ,H ,L ,F ,E ,S ,H ,A ,C ,V ,R ,X ,N ,Q ,U ,L ,M ,T ,D ,K ,G ,I ,P ,J ,  ,Z ,O ,B ,Y ,0
RSVP_two_streams_bigger_cue_size_new ,80 ,16 , T1 ,6 ,"[-1, 0] ",10.0 ,E ,J ,K ,O ,R ,X ,Z ,M ,G ,S ,C ,L ,D ,P ,T ,Q ,N ,F ,H ,I ,A ,U ,W ,B ,Y ,V ,E ,C ,B ,F ,D ,  ,W ,T ,S ,R ,Y ,L ,G ,J ,H ,Z ,K ,X ,U ,Q ,N ,V ,I ,P ,A ,M ,0
RSVP_two_streams_bigger_cue_size_new ,81 ,16 , T1 ,22 ,"[1, 0] ",3.0 ,M ,B ,H ,J ,G ,S ,A ,O ,F ,Z ,Y ,N ,U ,D ,Q ,R ,W ,I ,T ,P ,C ,K ,E ,L ,X ,V ,N ,J ,S ,T ,K ,X ,M ,O ,U ,L ,Q ,A ,E ,R ,V ,B ,H ,Z ,W ,P ,D ,  ,G ,Y ,I ,F ,0
RSVP_two_streams_bigger_cue_size_new ,82 ,16 , T1 ,10 ,"[-1, 0] ",10.0 ,W ,A ,J ,K ,Y ,M ,D ,T ,I ,U ,P ,Q ,C ,O ,E ,G ,Z ,H ,L ,N ,F ,S ,R ,B ,X ,V ,C ,V ,D ,Z ,P ,K ,F ,Y ,R ,  ,O ,M ,Q ,W ,A ,I ,G ,U ,X ,H ,B ,S ,J ,E ,N ,T ,0
RSVP_two_streams_bigger_cue_size_new ,83 ,16 , T1 ,6 ,"[1, 0] ",3.0 ,K ,D ,N ,G ,E ,W ,T ,A ,Z ,J ,B ,Q ,C ,F ,L ,P ,R ,O ,M ,H ,I ,V ,S ,X ,U ,Y ,H ,L ,C ,A ,F ,  ,E ,I ,X ,D ,Q ,U ,O ,T ,M ,B ,Y ,W ,G ,J ,N ,V ,S ,R ,K ,Z ,0
RSVP_two_streams_bigger_cue_size_new ,84 ,16 , T1 ,22 ,"[1, 0] ",10.0 ,Y ,N ,W ,F ,O ,D ,L ,M ,R ,C ,T ,V ,U ,X ,A ,P ,K ,S ,Z ,B ,Q ,J ,G ,E ,I ,H ,F ,V ,G ,X ,J ,K ,H ,D ,E ,T ,S ,W ,A ,Z ,U ,M ,Q ,C ,P ,I ,L ,  ,O ,Y ,R ,N ,0
RSVP_two_streams_bigger_cue_size_new ,85 ,16 , T1 ,10 ,"[1, 0] ",10.0 ,E ,K ,D ,W ,L ,R ,Y ,X ,C ,U ,P ,F ,A ,V ,Z ,T ,N ,S ,H ,J ,Q ,B ,M ,O ,I ,G ,Y ,N ,Z ,U ,L ,R ,W ,G ,T ,  ,P ,A ,V ,S ,B ,F ,M ,K ,H ,O ,I ,J ,E ,D ,C ,X ,0
RSVP_two_streams_bigger_cue_size_new ,86 ,16 , T1 ,14 ,"[-1, 0] ",3.0 ,C ,M ,P ,A ,L ,Z ,R ,X ,Q ,Y ,S ,N ,J ,U ,V ,W ,B ,G ,K ,F ,O ,I ,H ,T ,E ,D ,V ,D ,J ,Q ,H ,T ,E ,U ,M ,N ,P ,K ,R ,  ,C ,I ,X ,W ,O ,F ,G ,L ,Z ,Y ,S ,A ,0
RSVP_two_streams_bigger_cue_size_new ,87 ,16 , T1 ,18 ,"[1, 0] ",10.0 ,L ,C ,W ,J ,X ,P ,I ,Q ,N ,O ,E ,S ,U ,Y ,B ,H ,R ,Z ,V ,M ,T ,D ,G ,F ,K ,A ,C ,V ,O ,S ,P ,I ,G ,Z ,M ,U ,Q ,N ,D ,R ,H ,L ,Y ,  ,W ,J ,F ,X ,E ,K ,B ,A ,0
RSVP_two_streams_bigger_cue_size_new ,88 ,16 , T1 ,10 ,"[-1, 0] ",10.0 ,E ,J ,T ,H ,C ,R ,S ,B ,G ,A ,U ,V ,P ,I ,D ,X ,Q ,N ,L ,Y ,Z ,O ,W ,M ,K ,F ,J ,H ,M ,B ,X ,R ,Z ,U ,N ,  ,A ,P ,Y ,O ,W ,V ,K ,S ,D ,C ,I ,Q ,G ,E ,L ,F ,0
RSVP_two_streams_bigger_cue_size_new ,89 ,16 , T1 ,10 ,"[-1, 0] ",3.0 ,D ,C ,P ,U ,Q ,E ,M ,X ,T ,H ,I ,Y ,S ,K ,A ,W ,O ,G ,L ,J ,F ,V ,R ,N ,Z ,B ,D ,I ,L ,Q ,N ,J ,A ,V ,K ,  ,U ,H ,B ,S ,M ,P ,C ,G ,F ,O ,T ,Z ,R ,Y ,X ,E ,0
RSVP_two_streams_bigger_cue_size_new ,90 ,16 , T1 ,14 ,"[1, 0] ",10.0 ,R ,Z ,M ,Q ,F ,O ,G ,H ,Y ,L ,I ,A ,D ,W ,K ,S ,U ,B ,J ,C ,V ,T ,P ,N ,E ,X ,Z ,I ,J ,M ,R ,G ,Y ,A ,Q ,P ,D ,N ,S ,  ,W ,C ,F ,T ,K ,X ,V ,L ,H ,B ,E ,U ,0
RSVP_two_streams_bigger_cue_size_new ,91 ,16 , T1 ,22 ,"[1, 0] ",3.0 ,P ,E ,D ,K ,H ,C ,X ,O ,U ,Y ,R ,F ,M ,W ,G ,N ,B ,T ,I ,Q ,Z ,V ,S ,L ,A ,J ,I ,G ,C ,O ,R ,J ,M ,A ,E ,U ,K ,Q ,X ,S ,B ,W ,F ,Y ,N ,D ,V ,  ,P ,H ,L ,T ,0
RSVP_two_streams_bigger_cue_size_new ,92 ,16 , T1 ,18 ,"[-1, 0] ",10.0 ,F ,Y ,I ,K ,W ,U ,A ,X ,C ,S ,G ,H ,L ,P ,N ,V ,M ,O ,Q ,D ,E ,Z ,J ,T ,R ,B ,G ,Z ,P ,W ,D ,U ,Q ,M ,L ,V ,I ,Y ,K ,H ,N ,C ,O ,  ,X ,F ,J ,E ,R ,A ,T ,B ,0
RSVP_two_streams_bigger_cue_size_new ,93 ,16 , T1 ,14 ,"[-1, 0] ",3.0 ,T ,W ,B ,C ,X ,J ,Z ,N ,E ,H ,M ,S ,A ,F ,K ,O ,G ,L ,Q ,D ,P ,Y ,U ,I ,R ,V ,G ,H ,A ,V ,X ,C ,J ,U ,W ,B ,Q ,F ,T ,  ,P ,E ,S ,K ,Z ,O ,D ,N ,L ,I ,R ,M ,0
RSVP_two_streams_bigger_cue_size_new ,94 ,16 , T1 ,18 ,"[1, 0] ",3.0 ,L ,N ,F ,A ,M ,H ,B ,I ,K ,Q ,E ,P ,Y ,X ,R ,W ,D ,Z ,V ,J ,T ,U ,O ,S ,C ,G ,B ,N ,Z ,A ,Q ,V ,S ,W ,P ,K ,C ,J ,D ,I ,F ,X ,E ,  ,Y ,L ,G ,R ,U ,H ,O ,T ,0
RSVP_two_streams_bigger_cue_size_new ,95 ,16 , T1 ,6 ,"[1, 0] ",10.0 ,F ,E ,W ,P ,S ,K ,U ,N ,A ,J ,H ,B ,C ,T ,Z ,V ,Q ,X ,D ,M ,G ,I ,R ,L ,Y ,O ,X ,H ,R ,F ,B ,  ,L ,W ,Q ,T ,U ,G ,Y ,S ,M ,I ,E ,Z ,A ,N ,J ,P ,O ,K ,D ,C ,0
RSVP_two_streams_bigger_cue_size_new ,96 ,16 , T1 ,18 ,"[1, 0] ",10.0 ,C ,S ,A ,R ,O ,W ,V ,Y ,G ,X ,Z ,D ,K ,M ,F ,U ,T ,L ,J ,B ,Q ,E ,P ,N ,I ,H ,I ,Q ,T ,B ,S ,Y ,M ,L ,V ,O ,K ,A ,C ,D ,J ,E ,N ,  ,U ,G ,F ,W ,H ,X ,P ,Z ,0
RSVP_two_streams_bigger_cue_size_new ,97 ,16 , T1 ,14 ,"[1, 0] ",10.0 ,B ,E ,C ,H ,V ,S ,F ,Y ,D ,Q ,J ,M ,R ,O ,N ,T ,W ,X ,L ,K ,P ,Z ,I ,G ,U ,A ,R ,B ,V ,U ,I ,W ,D ,C ,L ,F ,J ,S ,O ,  ,A ,P ,Z ,M ,Y ,H ,X ,T ,N ,K ,G ,Q ,0
RSVP_two_streams_bigger_cue_size_new ,98 ,16 , T1 ,14 ,"[1, 0] ",3.0 ,F ,A ,M ,H ,T ,S ,Q ,J ,Y ,P ,K ,D ,R ,Z ,L ,E ,O ,I ,U ,N ,C ,W ,B ,G ,V ,X ,Y ,N ,B ,F ,A ,C ,T ,H ,P ,S ,E ,L ,M ,  ,J ,I ,D ,W ,Z ,X ,Q ,V ,U ,G ,R ,K ,0
RSVP_two_streams_bigger_cue_size_new ,99 ,16 , T1 ,14 ,"[-1, 0] ",10.0 ,N ,Z ,I ,K ,Y ,P ,M ,V ,W ,A ,T ,F ,U ,C ,B ,L ,J ,D ,E ,R ,G ,X ,H ,Q ,S ,O ,A ,N ,R ,U ,P ,O ,E ,J ,Z ,W ,V ,I ,L ,  ,F ,Q ,B ,H ,T ,Y ,C ,M ,D ,S ,K ,X ,0
RSVP_two_streams_bigger_cue_size_new ,100 ,16 , T1 ,14 ,"[1, 0] ",10.0 ,Y ,G ,M ,Q ,P ,F ,D ,N ,T ,V ,X ,K ,H ,A ,B ,S ,W ,U ,O ,J ,Z ,R ,E ,I ,L ,C ,J ,U ,V ,M ,G ,N ,B ,O ,D ,F ,Y ,I ,E ,  ,R ,L ,K ,S ,P ,Q ,X ,T ,Z ,A ,H ,C ,0
RSVP_two_streams_bigger_cue_size_new ,101 ,16 , T1 ,18 ,"[-1, 0] ",3.0 ,L ,D ,C ,E ,W ,G ,B ,U ,Y ,H ,R ,Q ,M ,N ,J ,T ,S ,P ,V ,O ,X ,Z ,K ,F ,I ,A ,G ,F ,R ,H ,B ,K ,E ,C ,Y ,Q ,N ,X ,O ,Z ,W ,I ,V ,  ,M ,P ,L ,A ,J ,S ,T ,U ,0
RSVP_two_streams_bigger_cue_size_new ,102 ,16 , T1 ,6 ,"[-1, 0] ",10.0 ,P ,W ,Q ,X ,H ,M ,D ,U ,A ,B ,N ,E ,Z ,I ,T ,O ,L ,F ,G ,C ,Y ,S ,V ,K ,J ,R ,E ,I ,D ,J ,X ,  ,L ,Z ,S ,R ,M ,G ,C ,H ,U ,Y ,W ,T ,P ,V ,Q ,K ,B ,F ,O ,N ,0
RSVP_two_streams_bigger_cue_size_new ,103 ,16 , T1 ,14 ,"[-1, 0] ",10.0 ,Q ,I ,O ,T ,E ,Y ,D ,A ,W ,U ,K ,J ,X ,H ,C ,R ,S ,B ,P ,V ,F ,Z ,G ,M ,N ,L ,G ,N ,Z ,T ,E ,I ,R ,D ,K ,Y ,O ,H ,C ,  ,J ,A ,Q ,W ,V ,M ,X ,S ,B ,F ,L ,P ,0
RSVP_two_streams_bigger_cue_size_new ,104 ,16 , T1 ,6 ,"[1, 0] ",3.0 ,U ,C ,Q ,B ,D ,K ,W ,H ,T ,M ,L ,V ,I ,N ,J ,E ,G ,Z ,X ,F ,A ,R ,Y ,S ,O ,P ,Q ,C ,K ,F ,L ,  ,I ,V ,N ,B ,A ,E ,X ,Z ,H ,Y ,R ,P ,D ,G ,O ,W ,J ,U ,S ,T ,0
RSVP_two_streams_bigger_cue_size_new ,105 ,16 , T1 ,6 ,"[-1, 0] ",3.0 ,E ,Y ,K ,Q ,C ,T ,U ,L ,X ,I ,G ,N ,D ,O ,H ,A ,F ,V ,S ,M ,B ,Z ,P ,J ,R ,W ,N ,G ,A ,T ,Q ,  ,J ,S ,W ,R ,Z ,M ,L ,O ,X ,C ,P ,I ,V ,Y ,K ,D ,H ,F ,B ,U ,0
RSVP_two_streams_bigger_cue_size_new ,106 ,16 , T1 ,6 ,"[-1, 0] ",10.0 ,G ,Y ,E ,P ,I ,D ,M ,R ,T ,K ,W ,O ,X ,H ,L ,Q ,F ,C ,V ,N ,J ,A ,B ,S ,Z ,U ,U ,X ,A ,W ,D ,  ,P ,O ,Z ,C ,N ,J ,M ,R ,V ,Y ,E ,I ,L ,K ,T ,H ,G ,B ,S ,Q ,0
RSVP_two_streams_bigger_cue_size_new ,107 ,16 , T1 ,10 ,"[-1, 0] ",3.0 ,Z ,L ,D ,O ,J ,Q ,M ,C ,W ,H ,A ,R ,F ,X ,T ,K ,N ,I ,P ,E ,S ,B ,G ,Y ,V ,U ,G ,B ,I ,E ,M ,W ,P ,D ,T ,  ,K ,N ,L ,O ,C ,A ,H ,Q ,V ,J ,S ,Y ,F ,X ,Z ,R ,0
RSVP_two_streams_bigger_cue_size_new ,108 ,16 , T1 ,6 ,"[1, 0] ",10.0 ,M ,O ,Q ,H ,G ,J ,E ,Z ,I ,Y ,A ,L ,T ,U ,C ,N ,F ,V ,P ,R ,X ,K ,S ,D ,W ,B ,H ,T ,C ,Z ,B ,  ,Q ,K ,R ,I ,N ,L ,S ,O ,M ,A ,E ,W ,P ,F ,Y ,J ,X ,D ,V ,U ,0
RSVP_two_streams_bigger_cue_size_new ,109 ,16 , T1 ,18 ,"[-1, 0] ",10.0 ,L ,I ,X ,G ,J ,B ,K ,H ,Q ,M ,D ,S ,E ,R ,T ,O ,P ,N ,Y ,F ,A ,V ,Z ,C ,W ,U ,H ,I ,N ,T ,Q ,L ,X ,D ,G ,A ,R ,W ,F ,E ,C ,M ,V ,  ,P ,Y ,U ,S ,K ,J ,Z ,B ,0
RSVP_two_streams_bigger_cue_size_new ,110 ,16 , T1 ,6 ,"[1, 0] ",3.0 ,D ,H ,A ,U ,P ,J ,Y ,W ,C ,L ,V ,R ,B ,M ,X ,K ,G ,Z ,I ,F ,S ,T ,N ,E ,O ,Q ,F ,M ,C ,R ,S ,  ,W ,O ,B ,T ,J ,N ,X ,E ,U ,G ,Z ,P ,H ,Y ,K ,D ,V ,L ,Q ,A ,0
RSVP_two_streams_bigger_cue_size_new ,111 ,16 , T1 ,18 ,"[1, 0] ",3.0 ,U ,X ,B ,K ,R ,Z ,E ,M ,I ,G ,H ,A ,O ,Q ,J ,Y ,D ,L ,W ,N ,P ,C ,T ,V ,S ,F ,U ,A ,Q ,G ,D ,I ,O ,B ,N ,Y ,J ,L ,C ,R ,H ,M ,V ,  ,K ,S ,Z ,F ,P ,W ,T ,X ,0
RSVP_two_streams_bigger_cue_size_new ,112 ,16 , T1 ,18 ,"[-1, 0] ",10.0 ,H ,E ,K ,G ,R ,T ,N ,Q ,F ,J ,W ,P ,M ,O ,X ,L ,Z ,Y ,V ,S ,B ,A ,D ,C ,I ,U ,O ,G ,A ,D ,V ,U ,W ,L ,E ,I ,P ,B ,Q ,T ,J ,Z ,X ,  ,N ,Y ,F ,K ,M ,S ,R ,H ,0
RSVP_two_streams_bigger_cue_size_new ,113 ,16 , T1 ,22 ,"[1, 0] ",3.0 ,X ,K ,N ,U ,C ,R ,L ,I ,W ,D ,S ,A ,F ,M ,P ,O ,T ,Y ,J ,V ,H ,B ,Z ,Q ,E ,G ,X ,C ,I ,Q ,A ,D ,V ,K ,M ,H ,E ,B ,P ,S ,O ,F ,T ,U ,G ,L ,R ,  ,W ,J ,Y ,Z ,0
RSVP_two_streams_bigger_cue_size_new ,114 ,16 , T1 ,6 ,"[-1, 0] ",3.0 ,X ,M ,S ,K ,L ,T ,C ,E ,R ,N ,W ,Y ,U ,A ,Z ,P ,B ,V ,G ,F ,Q ,I ,H ,D ,O ,J ,Q ,E ,S ,W ,O ,  ,G ,X ,B ,J ,Z ,V ,K ,U ,P ,R ,H ,F ,Y ,M ,I ,L ,C ,T ,N ,D ,1
RSVP_two_streams_bigger_cue_size_new ,115 ,16 , T1 ,14 ,"[-1, 0] ",3.0 ,P ,T ,R ,C ,V ,O ,Y ,N ,H ,W ,B ,X ,I ,G ,J ,M ,Z ,S ,K ,A ,Q ,D ,U ,E ,F ,L ,H ,Y ,X ,R ,V ,O ,A ,P ,Q ,I ,L ,K ,F ,  ,C ,S ,G ,D ,U ,Z ,W ,B ,M ,T ,N ,E ,0
RSVP_two_streams_bigger_cue_size_new ,116 ,16 , T1 ,6 ,"[1, 0] ",3.0 ,P ,T ,Q ,J ,B ,E ,W ,F ,D ,A ,Y ,C ,L ,Z ,S ,R ,X ,V ,N ,K ,O ,U ,H ,M ,I ,G ,L ,F ,B ,O ,R ,  ,E ,H ,G ,N ,W ,T ,V ,Q ,Y ,I ,S ,K ,A ,Z ,M ,D ,X ,P ,C ,J ,0
RSVP_two_streams_bigger_cue_size_new ,117 ,16 , T1 ,14 ,"[-1, 0] ",10.0 ,J ,D ,Y ,Z ,C ,P ,G ,A ,W ,N ,R ,O ,L ,F ,K ,V ,U ,H ,I ,B ,X ,S ,M ,T ,E ,Q ,U ,F ,E ,O ,J ,A ,B ,V ,N ,M ,T ,Q ,W ,  ,X ,D ,C ,P ,S ,H ,Z ,G ,I ,R ,L ,K ,0
RSVP_two_streams_bigger_cue_size_new ,118 ,16 , T1 ,6 ,"[-1, 0] ",10.0 ,K ,L ,P ,F ,S ,H ,V ,J ,B ,R ,E ,D ,Q ,C ,I ,U ,T ,Y ,X ,W ,G ,Z ,A ,M ,N ,O ,C ,K ,N ,L ,A ,  ,P ,V ,Q ,E ,M ,B ,W ,X ,F ,G ,S ,D ,H ,T ,J ,Z ,Y ,U ,O ,I ,0
RSVP_two_streams_bigger_cue_size_new ,119 ,16 , T1 ,6 ,"[1, 0] ",10.0 ,X ,V ,T ,O ,U ,B ,C ,W ,N ,I ,J ,K ,Y ,Z ,D ,Q ,R ,L ,S ,E ,M ,H ,A ,P ,F ,G ,W ,P ,B ,X ,C ,  ,Z ,U ,Q ,O ,S ,L ,H ,N ,E ,G ,Y ,F ,T ,K ,A ,I ,V ,D ,J ,M ,0
RSVP_two_streams_bigger_cue_size_new ,120 ,16 , T1 ,22 ,"[1, 0] ",3.0 ,N ,Q ,K ,I ,T ,A ,U ,B ,X ,R ,L ,H ,V ,G ,Z ,F ,P ,Y ,J ,E ,W ,M ,O ,C ,S ,D ,K ,E ,P ,T ,Y ,J ,M ,I ,S ,B ,F ,C ,X ,U ,O ,Z ,G ,D ,A ,Q ,N ,  ,R ,V ,L ,W ,0
RSVP_two_streams_bigger_cue_size_new ,121 ,16 , T1 ,6 ,"[1, 0] ",10.0 ,B ,U ,Y ,O ,F ,T ,R ,L ,K ,A ,N ,E ,Q ,X ,Z ,H ,I ,V ,D ,W ,C ,M ,J ,G ,P ,S ,G ,D ,W ,H ,U ,  ,B ,Q ,Z ,E ,T ,K ,P ,S ,O ,Y ,A ,C ,M ,J ,N ,X ,L ,F ,I ,V ,0
RSVP_two_streams_bigger_cue_size_new ,122 ,16 , T1 ,18 ,"[-1, 0] ",3.0 ,B ,U ,K ,C ,A ,V ,L ,T ,H ,I ,P ,O ,J ,N ,Y ,R ,E ,Q ,D ,W ,X ,Z ,S ,M ,G ,F ,O ,M ,K ,Q ,C ,B ,A ,H ,L ,J ,T ,U ,E ,F ,Y ,Z ,P ,  ,W ,I ,X ,V ,S ,D ,R ,G ,0
RSVP_two_streams_bigger_cue_size_new ,123 ,16 , T1 ,22 ,"[1, 0] ",10.0 ,T ,A ,Q ,P ,B ,R ,X ,I ,J ,Y ,C ,H ,F ,Z ,G ,V ,N ,W ,S ,U ,L ,M ,E ,O ,D ,K ,U ,P ,H ,L ,T ,Z ,I ,S ,V ,J ,A ,X ,M ,W ,D ,B ,E ,G ,O ,F ,Q ,  ,N ,R ,C ,K ,0
RSVP_two_streams_bigger_cue_size_new ,124 ,16 , T1 ,14 ,"[1, 0] ",3.0 ,X ,E ,C ,I ,N ,Q ,B ,S ,J ,M ,Y ,P ,U ,L ,D ,A ,K ,V ,O ,T ,H ,R ,G ,F ,W ,Z ,L ,O ,M ,W ,V ,I ,Z ,R ,B ,H ,Q ,J ,T ,  ,N ,X ,P ,U ,Y ,E ,S ,C ,D ,A ,G ,F ,0
RSVP_two_streams_bigger_cue_size_new ,125 ,16 , T1 ,22 ,"[-1, 0] ",3.0 ,Y ,X ,U ,T ,H ,I ,O ,D ,K ,B ,G ,Z ,V ,S ,J ,C ,A ,L ,N ,E ,Q ,P ,R ,F ,W ,M ,N ,P ,A ,G ,Z ,M ,Q ,S ,F ,H ,E ,O ,W ,J ,R ,B ,L ,C ,K ,Y ,V ,  ,I ,X ,U ,D ,0
RSVP_two_streams_bigger_cue_size_new ,126 ,16 , T1 ,10 ,"[-1, 0] ",3.0 ,E ,K ,T ,C ,I ,D ,A ,J ,W ,S ,Z ,F ,P ,M ,Y ,R ,G ,B ,O ,N ,V ,H ,U ,L ,X ,Q ,I ,Y ,L ,W ,G ,B ,X ,H ,P ,  ,C ,V ,Z ,S ,T ,F ,M ,E ,K ,J ,O ,R ,D ,N ,A ,Q ,0
RSVP_two_streams_bigger_cue_size_new ,127 ,16 , T1 ,14 ,"[1, 0] ",3.0 ,M ,C ,O ,K ,G ,L ,J ,B ,T ,X ,N ,A ,S ,F ,Y ,I ,H ,U ,E ,W ,Z ,Q ,P ,V ,D ,R ,W ,O ,M ,A ,P ,H ,F ,Q ,Z ,E ,G ,L ,I ,  ,J ,U ,Y ,B ,X ,S ,T ,R ,V ,K ,N ,D ,0
RSVP_two_streams_bigger_cue_size_new ,128 ,16 , T1 ,22 ,"[-1, 0] ",3.0 ,G ,N ,Y ,Z ,V ,X ,M ,S ,Q ,R ,H ,F ,L ,I ,K ,W ,E ,P ,B ,J ,T ,D ,C ,U ,A ,O ,R ,E ,G ,S ,J ,H ,X ,F ,Q ,A ,V ,U ,O ,T ,B ,W ,M ,D ,P ,N ,I ,  ,C ,Y ,Z ,K ,0
RSVP_two_streams_bigger_cue_size_new ,129 ,16 , T1 ,10 ,"[-1, 0] ",10.0 ,C ,B ,M ,K ,S ,I ,D ,L ,G ,U ,W ,J ,N ,Z ,O ,Q ,Y ,H ,E ,R ,F ,P ,T ,A ,X ,V ,G ,H ,A ,M ,L ,X ,R ,B ,Y ,  ,N ,S ,E ,F ,W ,K ,Z ,Q ,P ,C ,U ,J ,T ,I ,V ,O ,0
RSVP_two_streams_bigger_cue_size_new ,130 ,16 , T1 ,22 ,"[1, 0] ",3.0 ,V ,S ,N ,L ,J ,M ,H ,F ,A ,K ,I ,G ,T ,B ,R ,E ,C ,X ,Z ,Q ,Y ,U ,W ,D ,P ,O ,L ,T ,Y ,I ,H ,B ,O ,G ,R ,C ,X ,M ,J ,A ,Q ,K ,V ,S ,W ,Z ,N ,  ,D ,F ,E ,U ,0
RSVP_two_streams_bigger_cue_size_new ,131 ,16 , T1 ,10 ,"[-1, 0] ",3.0 ,F ,E ,V ,M ,S ,C ,G ,T ,L ,J ,R ,Y ,O ,W ,K ,Z ,Q ,A ,P ,N ,B ,I ,U ,H ,D ,X ,R ,K ,E ,C ,B ,L ,O ,G ,Q ,  ,T ,Z ,Y ,F ,V ,D ,W ,A ,M ,S ,N ,I ,P ,X ,J ,H ,0
RSVP_two_streams_bigger_cue_size_new ,132 ,16 , T1 ,6 ,"[1, 0] ",10.0 ,E ,V ,N ,L ,A ,Y ,K ,M ,U ,X ,R ,B ,Q ,D ,Z ,G ,T ,J ,S ,H ,C ,W ,O ,F ,I ,P ,N ,M ,X ,O ,F ,  ,U ,K ,Y ,V ,A ,P ,T ,C ,H ,D ,J ,G ,E ,I ,S ,B ,R ,L ,W ,Z ,0
RSVP_two_streams_bigger_cue_size_new ,133 ,16 , T1 ,6 ,"[-1, 0] ",10.0 ,M ,N ,I ,B ,X ,H ,U ,G ,Q ,V ,D ,O ,R ,L ,Y ,A ,T ,S ,P ,Z ,K ,W ,J ,C ,E ,F ,G ,D ,Z ,R ,J ,  ,B ,H ,A ,O ,P ,K ,V ,U ,M ,X ,S ,N ,C ,Q ,I ,Y ,W ,L ,F ,E ,0
RSVP_two_streams_bigger_cue_size_new ,134 ,16 , T1 ,18 ,"[1, 0] ",3.0 ,W ,O ,Y ,D ,X ,E ,P ,F ,J ,S ,N ,M ,U ,H ,V ,A ,R ,C ,B ,T ,Q ,L ,I ,Z ,K ,G ,Y ,U ,O ,B ,R ,H ,K ,E ,I ,P ,A ,C ,F ,W ,M ,S ,G ,  ,T ,Q ,Z ,V ,D ,L ,J ,N ,0
RSVP_two_streams_bigger_cue_size_new ,135 ,16 , T1 ,18 ,"[1, 0] ",10.0 ,B ,X ,V ,I ,A ,Z ,U ,E ,K ,J ,G ,T ,O ,R ,F ,C ,L ,Y ,M ,N ,P ,H ,D ,S ,Q ,W ,M ,Q ,J ,N ,G ,P ,C ,R ,Z ,V ,H ,A ,U ,O ,B ,S ,F ,  ,K ,Y ,D ,I ,L ,W ,E ,X ,0
RSVP_two_streams_bigger_cue_size_new ,136 ,16 , T1 ,18 ,"[-1, 0] ",3.0 ,B ,H ,V ,I ,R ,Y ,S ,D ,E ,N ,U ,M ,Q ,P ,W ,T ,K ,F ,X ,Z ,J ,L ,C ,G ,A ,O ,F ,Z ,L ,M ,X ,Y ,N ,C ,U ,D ,E ,P ,H ,O ,Q ,A ,R ,  ,V ,S ,B ,K ,I ,W ,T ,J ,0
RSVP_two_streams_bigger_cue_size_new ,137 ,16 , T1 ,10 ,"[1, 0] ",10.0 ,H ,W ,B ,T ,L ,G ,R ,F ,E ,Y ,X ,S ,O ,A ,N ,K ,Q ,V ,J ,P ,D ,Z ,M ,C ,U ,I ,I ,U ,P ,Y ,B ,C ,Q ,T ,E ,  ,Z ,M ,X ,F ,L ,O ,R ,V ,S ,G ,A ,H ,J ,W ,K ,D ,0
RSVP_two_streams_bigger_cue_size_new ,138 ,16 , T1 ,22 ,"[-1, 0] ",3.0 ,K ,H ,C ,Q ,B ,O ,M ,Z ,E ,X ,Y ,J ,G ,W ,F ,L ,P ,I ,N ,A ,U ,R ,T ,D ,S ,V ,Q ,C ,T ,N ,L ,F ,G ,D ,R ,E ,J ,Z ,K ,P ,U ,W ,Y ,V ,S ,H ,B ,  ,I ,A ,O ,M ,0
RSVP_two_streams_bigger_cue_size_new ,139 ,16 , T1 ,10 ,"[1, 0] ",3.0 ,J ,L ,D ,V ,T ,G ,A ,U ,W ,S ,Y ,C ,E ,F ,X ,I ,O ,P ,N ,H ,K ,Z ,M ,B ,R ,Q ,J ,I ,F ,S ,A ,Y ,U ,P ,K ,  ,X ,N ,V ,G ,C ,H ,D ,W ,R ,T ,Z ,B ,Q ,L ,O ,E ,0
RSVP_two_streams_bigger_cue_size_new ,140 ,16 , T1 ,18 ,"[1, 0] ",10.0 ,B ,U ,F ,R ,Z ,D ,M ,G ,O ,X ,V ,P ,J ,H ,K ,I ,L ,C ,Q ,S ,N ,Y ,E ,A ,W ,T ,P ,Q ,L ,H ,J ,A ,U ,S ,T ,W ,I ,X ,G ,R ,K ,B ,F ,  ,E ,D ,V ,Z ,O ,M ,C ,N ,0
RSVP_two_streams_bigger_cue_size_new ,141 ,16 , T1 ,18 ,"[1, 0] ",3.0 ,H ,K ,D ,V ,W ,U ,T ,Y ,I ,N ,E ,R ,S ,Q ,M ,C ,A ,P ,O ,L ,F ,Z ,J ,G ,X ,B ,N ,J ,X ,T ,U ,H ,K ,R ,B ,I ,Y ,E ,P ,D ,F ,G ,Z ,  ,C ,V ,M ,A ,O ,S ,W ,L ,0
RSVP_two_streams_bigger_cue_size_new ,142 ,16 , T1 ,10 ,"[1, 0] ",3.0 ,H ,F ,Y ,O ,M ,K ,U ,N ,T ,J ,L ,P ,G ,Z ,W ,S ,C ,V ,R ,E ,B ,D ,A ,X ,Q ,I ,G ,R ,Z ,Y ,C ,I ,J ,O ,B ,  ,U ,V ,T ,Q ,M ,A ,K ,D ,F ,S ,N ,W ,L ,H ,P ,E ,0
RSVP_two_streams_bigger_cue_size_new ,143 ,16 , T1 ,10 ,"[-1, 0] ",3.0 ,Q ,U ,M ,Y ,Z ,R ,H ,N ,O ,F ,A ,V ,S ,X ,P ,B ,K ,T ,E ,D ,G ,J ,W ,C ,I ,L ,J ,Z ,T ,B ,D ,Y ,E ,I ,A ,  ,K ,W ,X ,O ,R ,N ,M ,H ,P ,S ,V ,C ,U ,G ,L ,F ,0
RSVP_two_streams_bigger_cue_size_new ,144 ,16 , T1 ,14 ,"[1, 0] ",10.0 ,Z ,D ,I ,T ,X ,A ,P ,R ,B ,U ,V ,F ,C ,K ,M ,W ,L ,Y ,E ,O ,G ,S ,Q ,H ,N ,J ,R ,J ,A ,Y ,K ,W ,O ,Q ,S ,U ,C ,F ,G ,  ,Z ,P ,H ,X ,I ,L ,E ,B ,M ,N ,T ,V ,0
RSVP_two_streams_bigger_cue_size_new ,145 ,16 , T1 ,14 ,"[-1, 0] ",3.0 ,L ,U ,I ,E ,P ,F ,Z ,S ,V ,C ,H ,B ,D ,J ,N ,Q ,W ,M ,A ,G ,X ,O ,T ,K ,R ,Y ,M ,S ,T ,G ,Q ,P ,W ,H ,K ,A ,D ,E ,Z ,  ,O ,C ,N ,U ,L ,X ,F ,I ,Y ,J ,R ,V ,0
RSVP_two_streams_bigger_cue_size_new ,146 ,16 , T1 ,18 ,"[-1, 0] ",3.0 ,X ,I ,T ,P ,V ,B ,J ,G ,H ,U ,A ,R ,C ,M ,Y ,E ,F ,Q ,N ,S ,K ,Z ,W ,O ,D ,L ,V ,B ,N ,M ,A ,L ,D ,S ,Y ,G ,C ,I ,R ,K ,X ,T ,O ,  ,F ,U ,H ,E ,W ,Z ,P ,Q ,0
RSVP_two_streams_bigger_cue_size_new ,147 ,16 , T1 ,22 ,"[1, 0] ",3.0 ,X ,J ,E ,D ,O ,V ,I ,C ,Q ,A ,W ,R ,N ,P ,H ,G ,B ,Z ,Y ,T ,L ,K ,U ,F ,S ,M ,J ,V ,Q ,A ,T ,Z ,M ,D ,O ,U ,B ,N ,P ,G ,S ,W ,F ,C ,X ,L ,K ,  ,I ,R ,H ,E ,0
RSVP_two_streams_bigger_cue_size_new ,148 ,16 , T1 ,6 ,"[1, 0] ",10.0 ,R ,X ,O ,N ,Y ,P ,C ,W ,S ,T ,L ,U ,V ,H ,Z ,M ,G ,K ,B ,F ,A ,Q ,D ,I ,E ,J ,V ,M ,Q ,X ,I ,  ,F ,Z ,B ,P ,G ,T ,D ,U ,E ,H ,R ,J ,Y ,O ,C ,N ,W ,K ,S ,L ,0
RSVP_two_streams_bigger_cue_size_new ,149 ,16 , T1 ,22 ,"[-1, 0] ",3.0 ,V ,N ,C ,R ,I ,B ,T ,P ,W ,Q ,Z ,G ,A ,J ,E ,O ,S ,K ,Y ,D ,M ,H ,L ,U ,X ,F ,F ,I ,D ,G ,H ,J ,T ,U ,V ,E ,Q ,M ,S ,X ,B ,O ,W ,Z ,A ,P ,K ,  ,N ,Y ,L ,C ,0
RSVP_two_streams_bigger_cue_size_new ,150 ,16 , T1 ,6 ,"[1, 0] ",3.0 ,D ,Y ,T ,Q ,L ,W ,P ,C ,B ,N ,V ,H ,K ,U ,G ,F ,M ,Z ,S ,X ,E ,J ,O ,R ,I ,A ,A ,I ,F ,S ,X ,  ,Z ,V ,K ,T ,M ,C ,J ,D ,H ,W ,G ,E ,O ,Y ,B ,Q ,N ,L ,R ,U ,0
RSVP_two_streams_bigger_cue_size_new ,151 ,16 , T1 ,6 ,"[1, 0] ",3.0 ,S ,X ,Z ,U ,B ,T ,V ,Q ,Y ,M ,O ,D ,N ,R ,J ,E ,F ,G ,L ,I ,P ,C ,K ,H ,W ,A ,V ,J ,P ,E ,S ,  ,I ,C ,Q ,L ,R ,B ,Y ,G ,W ,M ,X ,A ,T ,Z ,U ,F ,O ,H ,D ,N ,0
RSVP_two_streams_bigger_cue_size_new ,152 ,16 , T1 ,22 ,"[-1, 0] ",10.0 ,I ,K ,A ,L ,F ,D ,S ,C ,Y ,H ,O ,B ,Q ,U ,X ,P ,E ,G ,Z ,T ,J ,M ,N ,V ,R ,W ,V ,T ,Z ,A ,S ,C ,H ,D ,G ,Q ,Y ,B ,M ,E ,J ,N ,K ,L ,U ,P ,O ,  ,F ,I ,W ,X ,0
RSVP_two_streams_bigger_cue_size_new ,153 ,16 , T1 ,6 ,"[-1, 0] ",3.0 ,Z ,Q ,A ,Y ,V ,F ,S ,D ,T ,E ,B ,M ,C ,O ,R ,H ,W ,P ,L ,K ,G ,J ,N ,U ,X ,I ,Z ,Q ,C ,A ,G ,  ,O ,L ,I ,U ,H ,X ,F ,T ,E ,R ,D ,W ,Y ,S ,M ,J ,V ,K ,N ,P ,0
RSVP_two_streams_bigger_cue_size_new ,154 ,16 , T1 ,14 ,"[1, 0] ",3.0 ,C ,B ,I ,F ,T ,P ,Z ,E ,N ,A ,S ,Q ,X ,O ,D ,K ,M ,W ,L ,H ,Y ,V ,U ,J ,R ,G ,L ,I ,K ,D ,P ,Q ,Z ,A ,R ,S ,B ,N ,W ,  ,H ,J ,X ,O ,F ,V ,E ,Y ,T ,U ,M ,G ,0
RSVP_two_streams_bigger_cue_size_new ,155 ,16 , T1 ,18 ,"[1, 0] ",10.0 ,W ,N ,O ,J ,Q ,B ,A ,M ,Y ,G ,Z ,K ,C ,T ,H ,L ,F ,V ,D ,X ,U ,I ,E ,S ,P ,R ,U ,D ,O ,J ,H ,B ,E ,N ,P ,K ,F ,W ,I ,X ,G ,S ,R ,  ,Z ,L ,Q ,V ,T ,C ,Y ,M ,0
RSVP_two_streams_bigger_cue_size_new ,156 ,16 , T1 ,18 ,"[1, 0] ",3.0 ,Q ,Y ,T ,X ,N ,C ,F ,L ,H ,W ,G ,D ,S ,V ,R ,P ,B ,E ,I ,A ,M ,Z ,U ,K ,J ,O ,E ,F ,B ,N ,C ,M ,S ,T ,H ,V ,K ,G ,W ,O ,R ,Y ,X ,  ,A ,Q ,I ,L ,D ,J ,Z ,P ,0
RSVP_two_streams_bigger_cue_size_new ,157 ,16 , T1 ,18 ,"[1, 0] ",10.0 ,G ,E ,Y ,U ,S ,H ,V ,O ,P ,A ,B ,I ,T ,Q ,N ,F ,K ,D ,J ,M ,L ,R ,W ,Z ,X ,C ,L ,G ,K ,S ,W ,P ,U ,C ,D ,F ,N ,O ,T ,B ,I ,Q ,A ,  ,R ,X ,E ,V ,J ,M ,H ,Z ,0
RSVP_two_streams_bigger_cue_size_new ,158 ,16 , T1 ,10 ,"[1, 0] ",10.0 ,Y ,W ,L ,Z ,U ,O ,C ,H ,D ,R ,F ,V ,P ,E ,J ,X ,T ,G ,A ,B ,M ,K ,N ,Q ,I ,S ,U ,M ,W ,B ,S ,Y ,O ,L ,E ,  ,H ,I ,D ,C ,Q ,P ,R ,V ,X ,Z ,G ,T ,K ,N ,J ,A ,0
RSVP_two_streams_bigger_cue_size_new ,159 ,16 , T1 ,10 ,"[1, 0] ",3.0 ,A ,D ,L ,T ,V ,Y ,G ,W ,C ,H ,S ,O ,Z ,F ,I ,J ,X ,N ,R ,U ,Q ,P ,B ,K ,E ,M ,D ,U ,N ,G ,I ,P ,Y ,M ,E ,  ,B ,S ,L ,O ,R ,Q ,C ,V ,A ,F ,H ,X ,W ,J ,K ,T ,0
RSVP_two_streams_bigger_cue_size_new ,160 ,16 , T1 ,14 ,"[-1, 0] ",3.0 ,Y ,W ,H ,M ,Q ,I ,X ,J ,O ,P ,R ,F ,G ,A ,D ,B ,L ,U ,Z ,S ,T ,C ,N ,E ,V ,K ,V ,O ,Q ,S ,G ,U ,W ,F ,J ,A ,K ,R ,M ,  ,L ,D ,N ,Y ,C ,B ,P ,I ,T ,E ,Z ,H ,0
RSVP_two_streams_bigger_cue_size_new ,161 ,16 , T1 ,18 ,"[1, 0] ",3.0 ,S ,W ,D ,E ,N ,B ,K ,V ,H ,U ,L ,G ,C ,Y ,X ,Z ,I ,R ,J ,A ,T ,Q ,M ,O ,P ,F ,H ,Z ,U ,S ,Q ,X ,J ,F ,D ,T ,Y ,P ,C ,W ,R ,V ,M ,  ,O ,B ,E ,N ,G ,I ,L ,K ,0
RSVP_two_streams_bigger_cue_size_new ,162 ,16 , T1 ,22 ,"[-1, 0] ",10.0 ,U ,K ,P ,C ,E ,A ,R ,L ,Z ,Y ,Q ,G ,M ,I ,D ,V ,F ,S ,W ,X ,J ,T ,H ,O ,N ,B ,Q ,Y ,A ,G ,S ,V ,P ,I ,E ,R ,B ,C ,O ,T ,Z ,L ,W ,M ,X ,U ,F ,  ,N ,H ,K ,J ,0
RSVP_two_streams_bigger_cue_size_new ,163 ,16 , T1 ,10 ,"[-1, 0] ",3.0 ,K ,Y ,G ,U ,I ,B ,P ,W ,T ,Q ,D ,Z ,A ,R ,M ,X ,O ,F ,J ,V ,N ,E ,H ,L ,S ,C ,A ,Z ,L ,U ,N ,T ,K ,M ,O ,  ,D ,V ,G ,Y ,E ,H ,P ,I ,J ,W ,Q ,F ,X ,B ,R ,S ,1
RSVP_two_streams_bigger_cue_size_new ,164 ,16 , T1 ,10 ,"[1, 0] ",3.0 ,Y ,X ,W ,F ,M ,J ,T ,V ,G ,C ,P ,K ,Z ,D ,N ,A ,Q ,O ,B ,E ,I ,S ,L ,H ,R ,U ,L ,S ,H ,E ,A ,Z ,V ,B ,P ,  ,R ,T ,G ,Y ,D ,K ,N ,I ,W ,M ,F ,O ,U ,Q ,X ,J ,0
RSVP_two_streams_bigger_cue_size_new ,165 ,16 , T1 ,10 ,"[1, 0] ",3.0 ,W ,M ,T ,F ,O ,S ,E ,Q ,H ,U ,B ,X ,N ,Y ,A ,L ,K ,J ,Z ,C ,V ,P ,I ,D ,G ,R ,E ,U ,W ,N ,V ,B ,D ,C ,J ,  ,A ,O ,X ,F ,P ,T ,H ,Q ,R ,I ,S ,Z ,K ,Y ,M ,L ,1
RSVP_two_streams_bigger_cue_size_new ,166 ,16 , T1 ,6 ,"[1, 0] ",10.0 ,C ,V ,Z ,M ,N ,E ,L ,S ,R ,J ,P ,B ,K ,G ,T ,O ,X ,F ,Y ,U ,Q ,D ,A ,W ,H ,I ,Z ,Y ,H ,X ,G ,  ,B ,N ,K ,L ,Q ,A ,I ,R ,P ,W ,V ,T ,S ,O ,D ,F ,J ,U ,M ,E ,0
RSVP_two_streams_bigger_cue_size_new ,167 ,16 , T1 ,6 ,"[-1, 0] ",3.0 ,F ,X ,E ,N ,K ,Q ,W ,B ,L ,Z ,S ,P ,J ,T ,U ,C ,D ,G ,Y ,O ,A ,R ,M ,I ,H ,V ,C ,R ,H ,Y ,G ,  ,F ,T ,B ,Q ,W ,M ,A ,Z ,V ,S ,D ,P ,I ,K ,N ,L ,J ,O ,U ,E ,0
RSVP_two_streams_bigger_cue_size_new ,168 ,16 , T1 ,6 ,"[1, 0] ",3.0 ,X ,T ,N ,G ,U ,P ,C ,A ,I ,K ,R ,L ,M ,E ,H ,W ,V ,B ,D ,Y ,S ,F ,O ,J ,Z ,Q ,X ,U ,R ,V ,J ,  ,Y ,L ,D ,C ,E ,F ,B ,Q ,A ,N ,I ,Z ,T ,S ,M ,H ,O ,P ,K ,G ,0
RSVP_two_streams_bigger_cue_size_new ,169 ,16 , T1 ,14 ,"[-1, 0] ",10.0 ,B ,E ,G ,L ,O ,A ,D ,S ,J ,M ,N ,T ,X ,Y ,P ,R ,W ,Q ,I ,H ,F ,K ,Z ,U ,C ,V ,V ,T ,F ,Q ,G ,Z ,C ,E ,S ,Y ,L ,D ,N ,  ,R ,K ,B ,O ,A ,J ,W ,P ,I ,X ,H ,U ,0
RSVP_two_streams_bigger_cue_size_new ,170 ,16 , T1 ,14 ,"[1, 0] ",10.0 ,F ,I ,T ,X ,P ,V ,L ,H ,K ,B ,J ,Q ,C ,M ,A ,W ,G ,R ,S ,N ,D ,E ,U ,O ,Y ,Z ,C ,V ,R ,J ,S ,W ,L ,Y ,Q ,P ,T ,Z ,N ,  ,M ,F ,U ,X ,G ,E ,K ,O ,B ,D ,A ,H ,0
RSVP_two_streams_bigger_cue_size_new ,171 ,16 , T1 ,14 ,"[-1, 0] ",10.0 ,M ,V ,J ,Y ,G ,B ,S ,N ,Z ,A ,W ,P ,T ,D ,R ,Q ,C ,L ,X ,E ,O ,U ,K ,H ,I ,F ,B ,I ,J ,Q ,Z ,D ,S ,F ,N ,Y ,X ,R ,E ,  ,A ,G ,W ,P ,O ,T ,L ,M ,K ,C ,V ,U ,0
RSVP_two_streams_bigger_cue_size_new ,172 ,16 , T1 ,10 ,"[1, 0] ",10.0 ,V ,K ,M ,H ,Y ,I ,D ,S ,Q ,W ,R ,C ,G ,J ,X ,E ,T ,F ,L ,A ,P ,Z ,N ,U ,O ,B ,T ,E ,F ,N ,C ,Y ,P ,V ,L ,  ,J ,Z ,S ,Q ,D ,I ,B ,H ,O ,X ,M ,W ,U ,K ,G ,R ,0
RSVP_two_streams_bigger_cue_size_new ,173 ,16 , T1 ,10 ,"[-1, 0] ",10.0 ,U ,T ,X ,M ,J ,O ,Q ,H ,D ,N ,V ,Y ,E ,I ,S ,G ,C ,F ,B ,P ,A ,R ,K ,Z ,L ,W ,Z ,L ,O ,E ,F ,I ,S ,B ,T ,  ,Q ,G ,D ,P ,V ,K ,J ,N ,H ,A ,M ,W ,R ,C ,X ,U ,0
RSVP_two_streams_bigger_cue_size_new ,174 ,16 , T1 ,14 ,"[-1, 0] ",3.0 ,A ,H ,I ,U ,J ,Q ,M ,Y ,Z ,V ,O ,F ,N ,K ,S ,B ,P ,G ,T ,R ,X ,C ,E ,L ,D ,W ,M ,T ,C ,B ,N ,H ,X ,U ,J ,E ,I ,O ,P ,  ,A ,K ,F ,Y ,S ,D ,R ,W ,Q ,Z ,V ,L ,0
RSVP_two_streams_bigger_cue_size_new ,175 ,16 , T1 ,10 ,"[-1, 0] ",3.0 ,Y ,W ,U ,T ,S ,B ,J ,I ,E ,Q ,D ,X ,P ,H ,A ,Z ,F ,G ,V ,L ,N ,O ,K ,M ,C ,R ,J ,S ,H ,N ,D ,F ,A ,V ,C ,  ,T ,B ,P ,R ,O ,M ,X ,G ,Z ,Y ,W ,E ,I ,K ,L ,U ,0
RSVP_two_streams_bigger_cue_size_new ,176 ,16 , T1 ,14 ,"[1, 0] ",10.0 ,F ,B ,E ,G ,C ,Y ,J ,I ,M ,A ,T ,R ,V ,Q ,W ,P ,N ,Z ,S ,L ,H ,O ,U ,K ,X ,D ,K ,A ,X ,Z ,I ,J ,W ,R ,P ,O ,V ,L ,H ,  ,F ,G ,T ,N ,E ,Q ,B ,C ,M ,U ,D ,S ,0
RSVP_two_streams_bigger_cue_size_new ,177 ,16 , T1 ,18 ,"[-1, 0] ",10.0 ,S ,T ,Y ,U ,O ,E ,B ,H ,J ,M ,D ,X ,A ,V ,P ,W ,I ,K ,N ,R ,Q ,L ,Z ,F ,C ,G ,N ,D ,K ,F ,M ,V ,A ,I ,S ,J ,E ,Y ,G ,P ,W ,X ,B ,  ,R ,Q ,C ,L ,T ,U ,O ,Z ,0
RSVP_two_streams_bigger_cue_size_new ,178 ,16 , T1 ,22 ,"[1, 0] ",3.0 ,Z ,C ,K ,A ,W ,D ,V ,O ,S ,I ,J ,M ,U ,Q ,R ,P ,L ,F ,G ,Y ,E ,T ,N ,H ,X ,B ,F ,X ,V ,S ,H ,L ,N ,P ,A ,Q ,R ,O ,M ,W ,E ,T ,J ,U ,I ,Y ,G ,  ,B ,C ,Z ,K ,0
RSVP_two_streams_bigger_cue_size_new ,179 ,16 , T1 ,14 ,"[-1, 0] ",10.0 ,H ,Q ,B ,O ,K ,F ,Y ,X ,U ,W ,T ,E ,I ,M ,C ,P ,N ,G ,S ,A ,J ,D ,L ,R ,V ,Z ,J ,Y ,B ,O ,K ,W ,D ,A ,S ,F ,T ,R ,C ,  ,N ,G ,U ,X ,H ,I ,M ,P ,L ,V ,Z ,E ,0
RSVP_two_streams_bigger_cue_size_new ,180 ,16 , T1 ,22 ,"[-1, 0] ",10.0 ,N ,B ,E ,J ,T ,V ,P ,W ,Y ,C ,O ,G ,X ,A ,K ,D ,U ,R ,Z ,H ,Q ,S ,I ,L ,M ,F ,K ,P ,Z ,M ,N ,T ,O ,S ,B ,E ,I ,L ,G ,X ,U ,Q ,W ,R ,D ,Y ,V ,  ,H ,A ,J ,F ,0
RSVP_two_streams_bigger_cue_size_new ,181 ,16 , T1 ,10 ,"[1, 0] ",3.0 ,D ,E ,L ,J ,A ,F ,N ,Q ,S ,V ,Z ,H ,T ,C ,U ,W ,G ,M ,Y ,K ,B ,I ,O ,P ,R ,X ,A ,H ,S ,O ,B ,D ,F ,M ,U ,  ,Z ,N ,R ,G ,P ,K ,Q ,W ,I ,Y ,X ,L ,C ,V ,E ,T ,0
RSVP_two_streams_bigger_cue_size_new ,182 ,16 , T1 ,6 ,"[1, 0] ",3.0 ,I ,C ,X ,W ,F ,P ,B ,K ,N ,G ,T ,V ,J ,U ,E ,R ,S ,L ,H ,Y ,A ,O ,Q ,Z ,M ,D ,Q ,E ,D ,S ,H ,  ,G ,W ,X ,U ,J ,M ,O ,T ,L ,F ,Z ,I ,N ,V ,A ,P ,K ,Y ,R ,C ,0
RSVP_two_streams_bigger_cue_size_new ,183 ,16 , T1 ,22 ,"[1, 0] ",10.0 ,H ,Z ,T ,N ,S ,O ,A ,R ,Q ,E ,M ,Y ,W ,F ,U ,B ,X ,K ,D ,I ,J ,L ,P ,G ,C ,V ,N ,Z ,H ,T ,W ,Y ,L ,D ,I ,Q ,E ,A ,G ,C ,X ,R ,P ,S ,B ,K ,U ,  ,V ,M ,J ,F ,0
RSVP_two_streams_bigger_cue_size_new ,184 ,16 , T1 ,18 ,"[-1, 0] ",3.0 ,M ,G ,N ,X ,H ,D ,Q ,U ,O ,W ,S ,V ,F ,P ,E ,R ,C ,A ,J ,Z ,B ,T ,I ,Y ,L ,K ,Y ,E ,O ,A ,G ,R ,P ,Q ,U ,N ,V ,W ,X ,S ,L ,T ,K ,  ,Z ,I ,H ,C ,M ,D ,J ,B ,0
RSVP_two_streams_bigger_cue_size_new ,185 ,16 , T1 ,10 ,"[-1, 0] ",10.0 ,T ,R ,D ,Y ,U ,F ,V ,I ,C ,W ,M ,K ,X ,S ,N ,G ,J ,H ,A ,Z ,Q ,E ,P ,B ,O ,L ,K ,P ,Z ,H ,N ,U ,S ,Q ,R ,  ,W ,O ,C ,B ,G ,D ,E ,F ,J ,X ,V ,A ,I ,T ,L ,M ,0
RSVP_two_streams_bigger_cue_size_new ,186 ,16 , T1 ,10 ,"[-1, 0] ",3.0 ,W ,F ,I ,K ,Y ,D ,O ,V ,P ,G ,T ,R ,X ,U ,N ,Z ,E ,B ,M ,L ,H ,C ,Q ,A ,S ,J ,Q ,F ,E ,P ,R ,X ,I ,J ,L ,  ,S ,H ,N ,W ,A ,B ,K ,Y ,V ,O ,D ,T ,C ,U ,Z ,M ,0
RSVP_two_streams_bigger_cue_size_new ,187 ,16 , T1 ,18 ,"[-1, 0] ",10.0 ,I ,Y ,P ,V ,B ,U ,G ,K ,J ,Q ,A ,T ,H ,Z ,F ,N ,S ,C ,L ,D ,M ,X ,E ,W ,R ,O ,Z ,Q ,X ,E ,I ,V ,W ,N ,G ,L ,S ,Y ,T ,M ,D ,B ,F ,  ,J ,A ,R ,U ,P ,H ,K ,O ,0
RSVP_two_streams_bigger_cue_size_new ,188 ,16 , T1 ,14 ,"[-1, 0] ",3.0 ,R ,P ,X ,I ,M ,C ,V ,O ,K ,J ,G ,A ,H ,W ,T ,L ,F ,E ,Q ,N ,B ,D ,U ,Y ,Z ,S ,L ,B ,Y ,K ,R ,J ,E ,P ,N ,X ,F ,H ,M ,  ,U ,Z ,S ,W ,V ,O ,I ,A ,D ,Q ,T ,G ,0
RSVP_two_streams_bigger_cue_size_new ,189 ,16 , T1 ,22 ,"[-1, 0] ",10.0 ,Q ,N ,I ,Z ,K ,H ,V ,L ,G ,J ,M ,A ,Y ,C ,S ,D ,B ,O ,U ,W ,P ,F ,X ,R ,T ,E ,T ,C ,L ,V ,U ,R ,M ,D ,F ,I ,H ,O ,Y ,E ,A ,P ,Q ,B ,X ,Z ,J ,  ,W ,K ,S ,G ,0
RSVP_two_streams_bigger_cue_size_new ,190 ,16 , T1 ,10 ,"[1, 0] ",10.0 ,G ,K ,U ,X ,V ,M ,T ,D ,R ,O ,Z ,A ,Q ,B ,L ,J ,W ,Y ,C ,E ,F ,P ,N ,I ,S ,H ,O ,P ,J ,F ,K ,S ,L ,B ,R ,  ,E ,X ,G ,Y ,C ,A ,D ,Q ,I ,W ,M ,V ,N ,Z ,U ,T ,0
RSVP_two_streams_bigger_cue_size_new ,191 ,16 , T1 ,18 ,"[-1, 0] ",10.0 ,F ,U ,M ,O ,D ,S ,H ,A ,Q ,C ,R ,B ,W ,I ,T ,G ,Y ,Z ,L ,X ,K ,P ,N ,E ,J ,V ,A ,H ,B ,Y ,L ,E ,W ,K ,R ,N ,D ,Q ,S ,C ,J ,M ,I ,  ,T ,O ,P ,X ,Z ,U ,G ,F ,0
RSVP_two_streams_bigger_cue_size_new ,192 ,16 , T1 ,18 ,"[-1, 0] ",3.0 ,R ,U ,J ,Q ,H ,N ,Z ,E ,P ,O ,C ,L ,W ,M ,V ,T ,A ,F ,K ,D ,S ,B ,X ,G ,I ,Y ,D ,L ,P ,V ,A ,N ,O ,H ,C ,S ,G ,U ,Q ,F ,K ,J ,X ,  ,R ,I ,T ,M ,W ,B ,Z ,Y ,0
RSVP_two_streams_bigger_cue_size_new ,193 ,16 , T1 ,22 ,"[-1, 0] ",10.0 ,H ,S ,F ,E ,V ,Q ,P ,T ,K ,M ,R ,B ,U ,Y ,A ,N ,W ,G ,Z ,O ,L ,J ,C ,D ,X ,I ,U ,H ,Z ,Y ,J ,R ,N ,P ,X ,A ,D ,C ,Q ,O ,G ,B ,S ,V ,W ,F ,L ,  ,E ,T ,K ,I ,0
RSVP_two_streams_bigger_cue_size_new ,194 ,16 , T1 ,6 ,"[-1, 0] ",10.0 ,M ,Z ,S ,U ,J ,V ,B ,I ,Q ,H ,O ,W ,X ,C ,Y ,G ,E ,A ,L ,D ,N ,T ,K ,P ,F ,R ,S ,H ,C ,U ,L ,  ,O ,W ,N ,F ,B ,X ,J ,Q ,A ,Z ,T ,Y ,P ,R ,V ,I ,K ,E ,G ,M ,0
RSVP_two_streams_bigger_cue_size_new ,195 ,16 , T1 ,14 ,"[1, 0] ",3.0 ,L ,O ,X ,U ,B ,A ,J ,R ,H ,D ,K ,I ,T ,N ,F ,E ,Z ,C ,Q ,Y ,S ,P ,G ,W ,M ,V ,Z ,F ,P ,D ,I ,U ,M ,R ,A ,J ,T ,X ,V ,  ,Q ,H ,E ,G ,B ,Y ,L ,C ,N ,W ,O ,K ,0
RSVP_two_streams_bigger_cue_size_new ,196 ,16 , T1 ,22 ,"[1, 0] ",10.0 ,F ,J ,T ,X ,V ,Q ,W ,O ,I ,D ,E ,B ,M ,A ,P ,R ,L ,Y ,S ,G ,H ,Z ,C ,N ,U ,K ,V ,O ,I ,C ,B ,H ,P ,E ,J ,T ,U ,A ,G ,W ,K ,R ,N ,X ,L ,D ,F ,  ,Q ,Y ,Z ,M ,0
RSVP_two_streams_bigger_cue_size_new ,197 ,16 , T1 ,6 ,"[1, 0] ",3.0 ,G ,O ,K ,P ,X ,Y ,W ,U ,F ,I ,T ,V ,L ,M ,S ,Q ,N ,H ,B ,C ,Z ,E ,R ,D ,J ,A ,O ,Q ,W ,N ,G ,  ,X ,I ,A ,Z ,M ,K ,Y ,L ,B ,P ,S ,D ,C ,R ,U ,F ,H ,T ,J ,E ,0
RSVP_two_streams_bigger_cue_size_new ,198 ,16 , T1 ,6 ,"[-1, 0] ",3.0 ,U ,S ,Q ,E ,F ,R ,D ,J ,P ,Y ,H ,C ,A ,V ,I ,L ,Z ,N ,M ,G ,B ,T ,W ,X ,K ,O ,X ,H ,C ,K ,M ,  ,Z ,A ,P ,E ,L ,B ,W ,V ,N ,F ,T ,U ,D ,I ,O ,S ,R ,G ,Y ,J ,0
RSVP_two_streams_bigger_cue_size_new ,199 ,16 , T1 ,14 ,"[1, 0] ",10.0 ,E ,P ,Q ,G ,N ,V ,A ,O ,I ,F ,W ,M ,S ,R ,U ,K ,D ,J ,T ,L ,X ,H ,B ,Z ,C ,Y ,W ,J ,Y ,N ,A ,I ,S ,Q ,M ,U ,C ,H ,X ,  ,R ,E ,P ,Z ,O ,K ,D ,B ,T ,V ,G ,F ,0
RSVP_two_streams_bigger_cue_size_new ,200 ,16 , T1 ,22 ,"[1, 0] ",3.0 ,H ,U ,R ,K ,X ,B ,A ,T ,F ,N ,J ,I ,V ,D ,L ,Q ,M ,Z ,S ,C ,E ,Y ,P ,O ,G ,W ,U ,S ,A ,F ,W ,K ,N ,I ,Y ,J ,T ,Q ,X ,V ,D ,P ,L ,B ,O ,R ,G ,  ,C ,Z ,M ,H ,0
RSVP_two_streams_bigger_cue_size_new ,201 ,16 , T1 ,10 ,"[-1, 0] ",3.0 ,Y ,I ,E ,S ,N ,A ,F ,L ,R ,Q ,K ,V ,T ,G ,P ,B ,W ,M ,O ,D ,H ,C ,Z ,X ,J ,U ,U ,N ,T ,F ,C ,W ,I ,D ,Y ,  ,E ,X ,G ,M ,S ,Q ,O ,J ,V ,K ,L ,B ,Z ,R ,H ,P ,0
RSVP_two_streams_bigger_cue_size_new ,202 ,16 , T1 ,10 ,"[1, 0] ",10.0 ,B ,M ,I ,P ,O ,W ,C ,Q ,R ,J ,K ,U ,S ,H ,E ,V ,L ,T ,X ,Y ,G ,D ,Z ,F ,N ,A ,P ,Q ,E ,Z ,M ,J ,U ,O ,A ,  ,G ,V ,L ,R ,N ,X ,T ,S ,F ,C ,D ,Y ,B ,K ,W ,H ,0
RSVP_two_streams_bigger_cue_size_new ,203 ,16 , T1 ,22 ,"[-1, 0] ",10.0 ,R ,V ,J ,X ,F ,Y ,Z ,N ,T ,M ,A ,G ,S ,C ,I ,L ,U ,B ,K ,O ,D ,P ,H ,E ,W ,Q ,S ,T ,I ,K ,W ,J ,B ,X ,M ,R ,N ,H ,Y ,V ,F ,Q ,C ,U ,O ,D ,G ,  ,A ,L ,P ,Z ,0
RSVP_two_streams_bigger_cue_size_new ,204 ,16 , T1 ,18 ,"[-1, 0] ",10.0 ,A ,L ,R ,Y ,C ,X ,V ,I ,F ,N ,B ,H ,J ,W ,D ,G ,Q ,O ,K ,E ,S ,P ,Z ,T ,M ,U ,J ,I ,V ,X ,M ,W ,B ,T ,S ,H ,F ,E ,Z ,D ,P ,G ,K ,  ,R ,O ,Y ,L ,U ,Q ,N ,A ,0
RSVP_two_streams_bigger_cue_size_new ,205 ,16 , T1 ,10 ,"[-1, 0] ",10.0 ,Z ,G ,L ,Y ,P ,C ,H ,J ,U ,Q ,M ,R ,A ,S ,N ,E ,I ,K ,V ,F ,T ,B ,D ,X ,O ,W ,Q ,Z ,U ,S ,V ,W ,R ,C ,D ,  ,E ,T ,P ,M ,O ,L ,K ,B ,G ,F ,A ,Y ,I ,X ,J ,N ,0
RSVP_two_streams_bigger_cue_size_new ,206 ,16 , T1 ,6 ,"[-1, 0] ",3.0 ,P ,Q ,Z ,J ,N ,R ,O ,G ,W ,X ,C ,K ,S ,E ,U ,H ,L ,V ,F ,B ,I ,M ,T ,A ,D ,Y ,U ,A ,E ,C ,T ,  ,R ,O ,N ,J ,I ,X ,Y ,F ,Z ,M ,V ,W ,H ,L ,G ,D ,Q ,B ,S ,P ,0
RSVP_two_streams_bigger_cue_size_new ,207 ,16 , T1 ,18 ,"[1, 0] ",10.0 ,H ,I ,X ,B ,C ,V ,A ,K ,J ,R ,D ,Q ,G ,P ,Z ,L ,N ,M ,O ,U ,S ,W ,E ,F ,Y ,T ,T ,I ,P ,O ,A ,Y ,W ,B ,E ,G ,K ,R ,M ,F ,H ,D ,V ,  ,N ,Z ,U ,J ,C ,Q ,X ,S ,0
RSVP_two_streams_bigger_cue_size_new ,208 ,16 , T1 ,6 ,"[1, 0] ",10.0 ,J ,I ,W ,O ,G ,U ,D ,A ,X ,N ,L ,T ,Y ,B ,Q ,Z ,M ,S ,E ,F ,P ,V ,R ,H ,K ,C ,T ,S ,F ,Z ,G ,  ,V ,I ,Y ,U ,K ,P ,A ,J ,C ,X ,B ,R ,M ,W ,L ,Q ,N ,E ,D ,H ,0
RSVP_two_streams_bigger_cue_size_new ,209 ,16 , T1 ,14 ,"[-1, 0] ",3.0 ,U ,Q ,P ,T ,F ,Z ,G ,R ,J ,V ,A ,D ,K ,C ,O ,Y ,I ,N ,B ,S ,L ,W ,E ,M ,H ,X ,U ,Y ,R ,I ,P ,H ,J ,C ,B ,K ,T ,L ,Z ,  ,G ,D ,F ,N ,A ,M ,S ,Q ,V ,E ,X ,W ,0
RSVP_two_streams_bigger_cue_size_new ,210 ,16 , T1 ,22 ,"[-1, 0] ",3.0 ,K ,I ,F ,Y ,B ,V ,P ,C ,A ,L ,Q ,H ,S ,T ,O ,Z ,G ,R ,E ,J ,U ,X ,M ,D ,N ,W ,I ,S ,L ,K ,M ,U ,G ,N ,P ,B ,H ,W ,Q ,X ,Y ,F ,V ,A ,E ,T ,D ,  ,O ,Z ,R ,C ,0
RSVP_two_streams_bigger_cue_size_new ,211 ,16 , T1 ,10 ,"[1, 0] ",3.0 ,X ,J ,W ,H ,T ,D ,E ,C ,Q ,V ,N ,Z ,B ,O ,F ,Y ,P ,G ,R ,S ,M ,I ,U ,L ,A ,K ,I ,U ,F ,N ,R ,A ,V ,C ,D ,  ,X ,J ,P ,B ,L ,Q ,H ,Y ,K ,S ,Z ,T ,G ,M ,O ,E ,0
RSVP_two_streams_bigger_cue_size_new ,212 ,16 , T1 ,18 ,"[1, 0] ",3.0 ,D ,Q ,Z ,N ,U ,W ,T ,Y ,L ,J ,E ,G ,S ,P ,K ,C ,O ,V ,I ,X ,B ,M ,R ,F ,A ,H ,W ,B ,A ,T ,F ,P ,D ,Q ,X ,R ,K ,V ,H ,E ,N ,L ,I ,  ,O ,U ,S ,G ,C ,Z ,M ,Y ,0
RSVP_two_streams_bigger_cue_size_new ,213 ,16 , T1 ,6 ,"[-1, 0] ",10.0 ,E ,T ,Z ,V ,F ,U ,J ,G ,C ,I ,S ,M ,H ,P ,B ,A ,O ,W ,D ,K ,Y ,L ,X ,R ,Q ,N ,R ,Z ,E ,S ,P ,  ,H ,A ,Q ,W ,O ,L ,N ,Y ,T ,D ,B ,V ,J ,U ,X ,I ,K ,C ,M ,G ,0
RSVP_two_streams_bigger_cue_size_new ,214 ,16 , T1 ,10 ,"[-1, 0] ",3.0 ,Y ,D ,Q ,N ,G ,Z ,H ,O ,P ,R ,F ,T ,S ,U ,C ,M ,B ,I ,E ,X ,W ,K ,V ,A ,J ,L ,W ,P ,Q ,J ,B ,G ,Y ,V ,O ,  ,N ,D ,M ,H ,I ,C ,T ,K ,E ,L ,U ,A ,S ,X ,F ,R ,0
RSVP_two_streams_bigger_cue_size_new ,215 ,16 , T1 ,14 ,"[1, 0] ",10.0 ,B ,H ,R ,Y ,P ,U ,Q ,L ,A ,I ,O ,F ,D ,Z ,M ,N ,X ,G ,W ,T ,E ,C ,J ,K ,V ,S ,L ,D ,M ,Z ,Y ,R ,I ,O ,S ,V ,X ,E ,H ,  ,B ,F ,C ,A ,J ,G ,T ,Q ,K ,U ,N ,P ,1
RSVP_two_streams_bigger_cue_size_new ,216 ,16 , T1 ,22 ,"[-1, 0] ",10.0 ,V ,B ,Q ,Z ,F ,R ,N ,I ,C ,A ,D ,H ,X ,W ,Y ,T ,J ,L ,K ,O ,P ,G ,E ,S ,M ,U ,S ,Q ,P ,V ,B ,E ,C ,K ,F ,U ,A ,I ,G ,N ,H ,L ,W ,J ,M ,R ,O ,  ,T ,Y ,X ,Z ,0
RSVP_two_streams_bigger_cue_size_new ,217 ,16 , T1 ,18 ,"[1, 0] ",3.0 ,N ,D ,A ,Z ,P ,V ,M ,L ,S ,Q ,G ,C ,O ,W ,U ,Y ,H ,R ,B ,T ,K ,E ,X ,I ,F ,J ,L ,R ,J ,F ,G ,X ,T ,B ,M ,H ,V ,K ,A ,O ,U ,C ,Z ,  ,S ,D ,W ,E ,Y ,P ,I ,Q ,0
RSVP_two_streams_bigger_cue_size_new ,218 ,16 , T1 ,22 ,"[1, 0] ",3.0 ,S ,E ,J ,I ,L ,A ,R ,O ,W ,P ,Z ,F ,N ,D ,H ,T ,C ,Q ,U ,K ,V ,Y ,B ,X ,M ,G ,K ,O ,U ,F ,N ,Q ,W ,Y ,E ,I ,V ,B ,L ,C ,T ,R ,D ,M ,H ,X ,A ,  ,Z ,S ,G ,P ,0
RSVP_two_streams_bigger_cue_size_new ,219 ,16 , T1 ,6 ,"[1, 0] ",10.0 ,J ,R ,Z ,V ,X ,K ,O ,L ,P ,H ,T ,I ,Q ,S ,B ,U ,M ,A ,C ,Y ,W ,F ,E ,D ,G ,N ,N ,V ,F ,H ,M ,  ,J ,A ,R ,Z ,B ,W ,Y ,X ,O ,P ,I ,C ,U ,S ,Q ,G ,D ,K ,L ,E ,0
RSVP_two_streams_bigger_cue_size_new ,220 ,16 , T1 ,6 ,"[-1, 0] ",10.0 ,U ,W ,N ,V ,C ,A ,B ,E ,L ,D ,S ,Z ,R ,I ,T ,P ,H ,O ,J ,M ,K ,X ,Q ,Y ,G ,F ,Q ,P ,M ,A ,W ,  ,O ,T ,H ,J ,E ,G ,K ,U ,V ,I ,X ,C ,B ,F ,L ,R ,N ,D ,Y ,S ,0
RSVP_two_streams_bigger_cue_size_new ,221 ,16 , T1 ,22 ,"[-1, 0] ",3.0 ,L ,E ,D ,I ,N ,A ,Y ,P ,S ,X ,V ,T ,B ,W ,Q ,R ,U ,H ,O ,G ,F ,K ,C ,Z ,M ,J ,O ,J ,K ,A ,H ,N ,X ,S ,M ,Z ,L ,D ,V ,B ,F ,W ,T ,U ,G ,E ,P ,  ,Y ,C ,Q ,I ,1
RSVP_two_streams_bigger_cue_size_new ,222 ,16 , T1 ,10 ,"[1, 0] ",10.0 ,P ,M ,U ,F ,G ,Z ,C ,X ,D ,V ,E ,W ,H ,R ,L ,T ,K ,J ,A ,Y ,B ,I ,Q ,N ,S ,O ,T ,W ,M ,N ,U ,S ,K ,P ,E ,  ,L ,O ,X ,Z ,D ,R ,Y ,J ,C ,B ,A ,Q ,I ,V ,F ,G ,0
RSVP_two_streams_bigger_cue_size_new ,223 ,16 , T1 ,18 ,"[1, 0] ",10.0 ,R ,A ,M ,X ,H ,F ,Z ,I ,P ,O ,U ,L ,Y ,W ,J ,E ,N ,G ,T ,K ,C ,V ,D ,Q ,S ,B ,B ,K ,J ,Q ,F ,D ,C ,Z ,M ,V ,U ,Y ,A ,H ,L ,P ,R ,  ,O ,G ,E ,W ,N ,S ,T ,I ,0
RSVP_two_streams_bigger_cue_size_new ,224 ,16 , T1 ,18 ,"[-1, 0] ",3.0 ,X ,I ,K ,N ,B ,P ,V ,A ,H ,Y ,C ,E ,W ,Z ,J ,R ,S ,T ,O ,G ,L ,F ,U ,M ,Q ,D ,Y ,U ,N ,F ,O ,I ,X ,D ,J ,Z ,A ,W ,B ,V ,K ,S ,P ,  ,M ,G ,E ,Q ,C ,H ,T ,L ,0
RSVP_two_streams_bigger_cue_size_new ,225 ,16 , T1 ,14 ,"[1, 0] ",10.0 ,G ,T ,L ,X ,J ,R ,Y ,F ,I ,Q ,M ,C ,Z ,V ,U ,O ,B ,D ,W ,E ,N ,S ,P ,A ,H ,K ,N ,E ,V ,J ,W ,Z ,A ,T ,L ,F ,M ,R ,I ,  ,G ,K ,H ,O ,S ,C ,X ,B ,U ,Y ,Q ,P ,0
RSVP_two_streams_bigger_cue_size_new ,226 ,16 , T1 ,18 ,"[1, 0] ",3.0 ,T ,P ,X ,E ,J ,L ,D ,A ,M ,F ,G ,R ,C ,Y ,V ,Q ,H ,I ,O ,W ,Z ,B ,S ,N ,U ,K ,L ,A ,F ,X ,W ,N ,J ,D ,Y ,V ,R ,E ,G ,Z ,O ,K ,C ,  ,T ,H ,B ,Q ,I ,M ,P ,S ,0
RSVP_two_streams_bigger_cue_size_new ,227 ,16 , T1 ,18 ,"[-1, 0] ",3.0 ,X ,W ,A ,Q ,U ,L ,Z ,D ,S ,F ,Y ,E ,V ,P ,K ,T ,M ,I ,N ,G ,O ,H ,R ,J ,C ,B ,P ,W ,N ,T ,Z ,S ,I ,Y ,Q ,G ,K ,V ,O ,U ,F ,C ,A ,  ,L ,J ,D ,H ,M ,R ,E ,B ,0
RSVP_two_streams_bigger_cue_size_new ,228 ,16 , T1 ,10 ,"[1, 0] ",3.0 ,M ,W ,R ,Q ,N ,K ,O ,Y ,G ,F ,Z ,D ,X ,B ,S ,P ,E ,L ,H ,J ,V ,T ,I ,A ,C ,U ,Q ,O ,X ,D ,U ,R ,J ,P ,T ,  ,M ,V ,K ,C ,Z ,I ,S ,H ,E ,L ,G ,B ,F ,W ,N ,Y ,0
RSVP_two_streams_bigger_cue_size_new ,229 ,16 , T1 ,18 ,"[1, 0] ",10.0 ,D ,P ,V ,W ,R ,L ,I ,O ,C ,F ,Y ,Z ,Q ,T ,K ,A ,J ,E ,G ,B ,S ,N ,U ,H ,X ,M ,T ,M ,Z ,B ,Q ,G ,C ,K ,N ,X ,V ,R ,D ,J ,W ,A ,L ,  ,F ,O ,H ,E ,P ,I ,Y ,U ,0
RSVP_two_streams_bigger_cue_size_new ,230 ,16 , T1 ,22 ,"[1, 0] ",10.0 ,S ,V ,W ,Z ,F ,H ,A ,J ,N ,E ,O ,C ,T ,X ,M ,B ,I ,K ,L ,D ,U ,Q ,Y ,P ,R ,G ,X ,V ,L ,K ,F ,B ,J ,G ,Y ,R ,Z ,U ,S ,I ,E ,H ,Q ,A ,N ,C ,M ,  ,O ,T ,W ,D ,0
RSVP_two_streams_bigger_cue_size_new ,231 ,16 , T1 ,10 ,"[-1, 0] ",10.0 ,J ,Z ,F ,E ,N ,H ,B ,T ,U ,R ,Y ,K ,A ,V ,X ,C ,O ,M ,P ,G ,W ,I ,L ,D ,Q ,S ,E ,I ,Q ,W ,J ,V ,T ,P ,X ,  ,D ,Z ,F ,O ,G ,N ,S ,R ,K ,M ,Y ,U ,A ,L ,B ,C ,0
RSVP_two_streams_bigger_cue_size_new ,232 ,16 , T1 ,14 ,"[-1, 0] ",10.0 ,G ,V ,Y ,L ,J ,K ,A ,F ,C ,H ,I ,O ,M ,T ,S ,X ,U ,P ,N ,Q ,B ,D ,Z ,W ,R ,E ,O ,Z ,R ,W ,X ,E ,U ,J ,S ,B ,L ,P ,Q ,  ,Y ,C ,V ,G ,T ,D ,A ,M ,K ,H ,N ,F ,0
RSVP_two_streams_bigger_cue_size_new ,233 ,16 , T1 ,14 ,"[-1, 0] ",10.0 ,Z ,H ,J ,Q ,P ,A ,B ,M ,E ,S ,Y ,D ,U ,F ,O ,I ,V ,X ,C ,L ,T ,N ,K ,W ,R ,G ,U ,C ,K ,Y ,I ,F ,H ,D ,X ,S ,Z ,M ,L ,  ,A ,O ,E ,G ,B ,V ,J ,N ,R ,Q ,T ,P ,0
RSVP_two_streams_bigger_cue_size_new ,234 ,16 , T1 ,14 ,"[1, 0] ",10.0 ,K ,G ,T ,Y ,R ,L ,A ,I ,P ,N ,V ,O ,Q ,W ,D ,U ,X ,M ,Z ,F ,S ,J ,E ,C ,B ,H ,R ,E ,M ,V ,G ,T ,S ,Z ,K ,U ,P ,Q ,J ,  ,X ,C ,A ,H ,O ,I ,W ,L ,D ,F ,N ,Y ,0
RSVP_two_streams_bigger_cue_size_new ,235 ,16 , T1 ,10 ,"[1, 0] ",10.0 ,N ,P ,R ,Y ,V ,X ,L ,B ,A ,T ,D ,F ,I ,W ,J ,K ,E ,G ,O ,S ,M ,U ,Z ,C ,H ,Q ,I ,K ,N ,F ,R ,Y ,P ,C ,V ,  ,U ,L ,Q ,D ,X ,Z ,O ,J ,G ,T ,H ,E ,W ,M ,S ,A ,0
RSVP_two_streams_bigger_cue_size_new ,236 ,16 , T1 ,10 ,"[1, 0] ",3.0 ,C ,U ,M ,F ,Y ,X ,H ,I ,W ,P ,J ,E ,K ,S ,T ,B ,V ,O ,G ,R ,N ,D ,A ,L ,Q ,Z ,W ,P ,F ,R ,E ,Z ,O ,X ,A ,  ,Q ,Y ,T ,C ,H ,K ,D ,M ,N ,U ,L ,V ,J ,S ,G ,I ,0
RSVP_two_streams_bigger_cue_size_new ,237 ,16 , T1 ,6 ,"[-1, 0] ",10.0 ,K ,N ,A ,L ,D ,U ,S ,Z ,Q ,T ,W ,F ,X ,I ,G ,H ,M ,C ,R ,P ,E ,J ,B ,Y ,O ,V ,D ,S ,L ,P ,E ,  ,H ,M ,V ,Y ,K ,W ,B ,I ,Z ,F ,T ,J ,A ,O ,G ,C ,N ,R ,X ,U ,0
RSVP_two_streams_bigger_cue_size_new ,238 ,16 , T1 ,22 ,"[-1, 0] ",3.0 ,B ,U ,D ,E ,G ,S ,X ,Q ,T ,J ,M ,V ,P ,H ,Z ,Y ,N ,K ,L ,W ,F ,I ,A ,C ,O ,R ,B ,T ,L ,C ,V ,H ,X ,D ,N ,O ,A ,R ,Y ,F ,K ,Z ,Q ,I ,J ,W ,E ,  ,S ,U ,G ,M ,0
RSVP_two_streams_bigger_cue_size_new ,239 ,16 , T1 ,14 ,"[-1, 0] ",10.0 ,K ,J ,O ,V ,X ,Y ,C ,B ,G ,D ,Q ,R ,S ,M ,N ,U ,E ,L ,T ,I ,A ,P ,H ,F ,W ,Z ,P ,N ,T ,G ,E ,A ,R ,L ,I ,S ,H ,U ,W ,  ,V ,D ,B ,Y ,M ,K ,C ,Z ,Q ,F ,J ,X ,0
RSVP_two_streams_bigger_cue_size_new ,240 ,16 , T1 ,6 ,"[1, 0] ",10.0 ,W ,X ,L ,A ,U ,R ,E ,Q ,D ,F ,G ,M ,C ,T ,H ,P ,B ,N ,J ,K ,Y ,I ,O ,S ,Z ,V ,M ,C ,V ,Q ,E ,  ,D ,A ,O ,U ,B ,N ,K ,P ,H ,S ,G ,W ,F ,Z ,L ,T ,J ,Y ,X ,I ,0
RSVP_two_streams_bigger_cue_size_new ,241 ,16 , T1 ,18 ,"[1, 0] ",3.0 ,V ,C ,R ,Y ,M ,G ,O ,Z ,P ,T ,N ,D ,E ,I ,X ,H ,S ,F ,J ,Q ,A ,L ,B ,K ,W ,U ,M ,P ,U ,L ,K ,X ,G ,R ,D ,O ,W ,F ,Q ,T ,H ,V ,I ,  ,S ,B ,A ,N ,E ,C ,Z ,J ,0
RSVP_two_streams_bigger_cue_size_new ,242 ,16 , T1 ,18 ,"[-1, 0] ",3.0 ,T ,S ,R ,M ,Y ,A ,J ,B ,C ,G ,W ,O ,E ,H ,Q ,V ,D ,X ,U ,F ,L ,Z ,K ,I ,P ,N ,F ,E ,W ,S ,X ,N ,C ,T ,I ,K ,V ,H ,M ,G ,L ,Y ,Q ,  ,R ,A ,J ,O ,B ,U ,P ,D ,0
RSVP_two_streams_bigger_cue_size_new ,243 ,16 , T1 ,6 ,"[1, 0] ",3.0 ,X ,Y ,D ,N ,R ,M ,E ,W ,V ,Q ,J ,L ,P ,U ,H ,A ,Z ,T ,S ,G ,F ,C ,I ,K ,B ,O ,N ,V ,I ,B ,R ,  ,A ,Q ,X ,D ,U ,K ,Y ,P ,O ,C ,J ,L ,Z ,S ,T ,H ,M ,F ,W ,E ,0
RSVP_two_streams_bigger_cue_size_new ,244 ,16 , T1 ,22 ,"[1, 0] ",10.0 ,K ,C ,R ,I ,L ,V ,E ,U ,M ,Z ,T ,P ,Q ,B ,N ,H ,Y ,G ,S ,F ,O ,D ,J ,A ,X ,W ,H ,C ,E ,W ,S ,B ,L ,J ,A ,V ,X ,F ,Y ,P ,I ,M ,O ,N ,T ,K ,Q ,  ,U ,D ,Z ,G ,0
RSVP_two_streams_bigger_cue_size_new ,245 ,16 , T1 ,6 ,"[-1, 0] ",3.0 ,P ,H ,Y ,T ,C ,G ,E ,Z ,W ,D ,O ,N ,X ,M ,A ,B ,Q ,S ,J ,L ,U ,F ,R ,K ,V ,I ,A ,V ,K ,C ,N ,  ,L ,O ,U ,D ,E ,T ,J ,I ,M ,H ,G ,Y ,F ,R ,W ,X ,S ,B ,Q ,P ,0
RSVP_two_streams_bigger_cue_size_new ,246 ,16 , T1 ,22 ,"[1, 0] ",10.0 ,D ,Y ,N ,U ,G ,Z ,A ,W ,M ,B ,S ,C ,J ,H ,F ,P ,K ,T ,R ,I ,E ,X ,L ,Q ,V ,O ,J ,D ,W ,E ,Z ,B ,K ,X ,T ,H ,L ,F ,P ,A ,O ,Q ,Y ,M ,R ,G ,U ,  ,I ,S ,V ,N ,0
RSVP_two_streams_bigger_cue_size_new ,247 ,16 , T1 ,18 ,"[1, 0] ",10.0 ,B ,L ,N ,W ,U ,E ,A ,Z ,Y ,K ,J ,T ,O ,V ,F ,M ,C ,R ,G ,I ,S ,Q ,X ,P ,H ,D ,E ,T ,J ,B ,H ,X ,F ,Z ,K ,R ,S ,V ,P ,Q ,N ,W ,C ,  ,A ,G ,L ,U ,Y ,O ,D ,I ,0
RSVP_two_streams_bigger_cue_size_new ,248 ,16 , T1 ,22 ,"[-1, 0] ",10.0 ,N ,Z ,E ,P ,Q ,W ,M ,V ,B ,R ,A ,D ,F ,G ,X ,Y ,J ,C ,I ,U ,H ,T ,S ,O ,K ,L ,W ,A ,V ,X ,N ,I ,O ,J ,U ,R ,Q ,D ,C ,B ,F ,Y ,P ,K ,M ,S ,Z ,  ,T ,H ,E ,L ,0
RSVP_two_streams_bigger_cue_size_new ,249 ,16 , T1 ,10 ,"[1, 0] ",10.0 ,B ,P ,U ,G ,Y ,R ,N ,I ,H ,Q ,E ,D ,V ,Z ,T ,X ,O ,F ,L ,K ,W ,M ,J ,A ,C ,S ,U ,K ,H ,C ,X ,Y ,M ,Q ,N ,  ,V ,P ,R ,D ,B ,S ,G ,F ,Z ,E ,T ,W ,J ,A ,L ,I ,0
RSVP_two_streams_bigger_cue_size_new ,250 ,16 , T1 ,6 ,"[-1, 0] ",3.0 ,D ,Y ,N ,P ,X ,L ,H ,A ,J ,O ,V ,C ,G ,Z ,S ,W ,T ,E ,Q ,U ,K ,M ,B ,I ,F ,R ,Z ,D ,X ,P ,J ,  ,S ,A ,V ,Y ,F ,U ,C ,Q ,T ,E ,K ,M ,H ,R ,G ,L ,N ,I ,B ,O ,0
RSVP_two_streams_bigger_cue_size_new ,251 ,16 , T1 ,6 ,"[1, 0] ",10.0 ,E ,M ,S ,W ,A ,K ,O ,P ,N ,B ,F ,U ,H ,G ,Y ,Z ,J ,T ,R ,X ,L ,V ,D ,I ,Q ,C ,Y ,U ,B ,C ,M ,  ,X ,G ,H ,E ,F ,A ,I ,V ,K ,L ,S ,Z ,T ,P ,Q ,N ,D ,R ,W ,O ,0
RSVP_two_streams_bigger_cue_size_new ,252 ,16 , T1 ,18 ,"[-1, 0] ",10.0 ,U ,F ,X ,W ,K ,T ,C ,J ,V ,E ,N ,L ,R ,S ,G ,P ,D ,B ,O ,H ,M ,A ,I ,Q ,Y ,Z ,W ,L ,C ,A ,S ,D ,B ,P ,J ,V ,N ,Y ,T ,H ,O ,F ,G ,  ,Z ,K ,E ,X ,U ,R ,Q ,I ,1
RSVP_two_streams_bigger_cue_size_new ,253 ,16 , T1 ,22 ,"[-1, 0] ",10.0 ,U ,C ,B ,L ,W ,Z ,P ,Y ,Q ,H ,D ,O ,N ,J ,X ,T ,K ,A ,F ,V ,R ,E ,M ,S ,G ,I ,M ,T ,B ,Z ,X ,G ,J ,R ,E ,Q ,U ,P ,L ,I ,H ,Y ,V ,W ,O ,A ,K ,  ,C ,F ,S ,D ,0
RSVP_two_streams_bigger_cue_size_new ,254 ,16 , T1 ,22 ,"[1, 0] ",10.0 ,E ,M ,Y ,A ,L ,S ,D ,R ,H ,Q ,W ,K ,N ,F ,U ,I ,Z ,T ,O ,B ,C ,J ,X ,G ,P ,V ,G ,L ,W ,J ,O ,K ,V ,N ,B ,R ,D ,P ,Y ,M ,I ,F ,Z ,S ,X ,E ,A ,  ,C ,T ,U ,Q ,0
RSVP_two_streams_bigger_cue_size_new ,255 ,16 , T1 ,14 ,"[1, 0] ",3.0 ,E ,J ,K ,S ,B ,M ,W ,R ,L ,Z ,O ,V ,N ,X ,Y ,A ,U ,Q ,P ,D ,C ,H ,F ,T ,G ,I ,Q ,E ,M ,W ,J ,L ,Y ,I ,X ,H ,C ,K ,V ,  ,G ,U ,D ,O ,F ,P ,R ,S ,A ,N ,B ,T ,0
RSVP_two_streams_bigger_cue_size_new ,256 ,16 , T1 ,22 ,"[1, 0] ",3.0 ,R ,X ,M ,E ,Y ,A ,S ,N ,J ,F ,U ,K ,I ,Z ,G ,O ,D ,V ,C ,Q ,H ,L ,T ,P ,B ,W ,A ,E ,Q ,C ,B ,G ,W ,U ,J ,K ,L ,M ,S ,V ,P ,O ,Z ,H ,I ,Y ,T ,  ,D ,R ,F ,X ,0
RSVP_two_streams_bigger_cue_size_new ,257 ,16 , T1 ,22 ,"[1, 0] ",10.0 ,D ,C ,H ,M ,L ,J ,P ,X ,R ,Q ,B ,A ,T ,S ,V ,G ,Y ,O ,Z ,K ,F ,U ,I ,N ,E ,W ,F ,I ,W ,J ,O ,X ,Q ,K ,B ,V ,C ,N ,M ,E ,P ,H ,G ,U ,A ,L ,R ,  ,Y ,T ,S ,D ,0
RSVP_two_streams_bigger_cue_size_new ,258 ,16 , T1 ,6 ,"[1, 0] ",3.0 ,D ,P ,A ,E ,F ,U ,V ,C ,T ,X ,Z ,B ,Y ,W ,S ,J ,N ,Q ,G ,K ,L ,H ,M ,R ,O ,I ,D ,Y ,M ,U ,S ,  ,R ,T ,B ,Q ,I ,P ,K ,E ,L ,O ,Z ,A ,N ,G ,V ,X ,J ,C ,W ,H ,0
RSVP_two_streams_bigger_cue_size_new ,259 ,16 , T1 ,22 ,"[-1, 0] ",3.0 ,W ,I ,Z ,E ,L ,X ,O ,B ,G ,T ,N ,C ,Y ,H ,J ,A ,V ,K ,P ,D ,U ,Q ,S ,F ,R ,M ,X ,J ,N ,G ,C ,F ,S ,R ,L ,I ,D ,U ,A ,V ,K ,Q ,H ,M ,T ,B ,E ,  ,W ,Z ,O ,P ,0
RSVP_two_streams_bigger_cue_size_new ,260 ,16 , T1 ,14 ,"[1, 0] ",10.0 ,C ,H ,Q ,O ,R ,L ,S ,I ,B ,T ,X ,P ,M ,A ,U ,Z ,V ,F ,K ,D ,N ,Y ,G ,E ,J ,W ,A ,V ,T ,U ,P ,O ,G ,K ,D ,Z ,B ,M ,X ,  ,L ,Q ,F ,J ,N ,I ,W ,Y ,C ,E ,R ,S ,0
RSVP_two_streams_bigger_cue_size_new ,261 ,16 , T1 ,22 ,"[-1, 0] ",10.0 ,W ,T ,K ,Y ,R ,S ,U ,E ,G ,C ,J ,O ,P ,B ,M ,F ,A ,H ,I ,Z ,D ,V ,Q ,L ,N ,X ,K ,E ,Q ,B ,T ,F ,G ,I ,H ,L ,N ,U ,M ,J ,P ,W ,V ,S ,A ,Y ,C ,  ,R ,X ,Z ,O ,0
RSVP_two_streams_bigger_cue_size_new ,262 ,16 , T1 ,14 ,"[1, 0] ",3.0 ,Y ,Q ,V ,D ,P ,H ,A ,M ,S ,U ,O ,F ,Z ,C ,G ,X ,N ,B ,K ,I ,R ,L ,E ,T ,W ,J ,T ,K ,H ,Z ,Q ,B ,Y ,V ,W ,D ,S ,N ,E ,  ,L ,A ,C ,F ,O ,R ,I ,P ,G ,X ,M ,U ,0
RSVP_two_streams_bigger_cue_size_new ,263 ,16 , T1 ,6 ,"[-1, 0] ",10.0 ,A ,L ,J ,U ,K ,Z ,P ,W ,D ,R ,O ,M ,F ,N ,Q ,E ,Y ,T ,V ,X ,H ,B ,C ,G ,I ,S ,C ,I ,V ,O ,X ,  ,H ,T ,S ,F ,L ,E ,B ,M ,W ,J ,Y ,Z ,U ,Q ,G ,A ,K ,R ,P ,N ,0
RSVP_two_streams_bigger_cue_size_new ,264 ,16 , T1 ,22 ,"[1, 0] ",3.0 ,P ,M ,N ,U ,Q ,G ,I ,V ,W ,Y ,Z ,D ,S ,L ,F ,A ,O ,E ,R ,J ,K ,B ,H ,X ,T ,C ,T ,F ,Z ,S ,H ,K ,V ,Y ,L ,W ,G ,E ,D ,I ,M ,P ,A ,R ,C ,B ,X ,  ,O ,Q ,N ,U ,0
RSVP_two_streams_bigger_cue_size_new ,265 ,16 , T1 ,14 ,"[1, 0] ",3.0 ,R ,N ,G ,E ,B ,Q ,Y ,C ,V ,T ,X ,O ,Z ,H ,U ,M ,A ,P ,F ,D ,K ,I ,J ,L ,S ,W ,R ,X ,Q ,A ,H ,J ,E ,M ,P ,B ,V ,Y ,F ,  ,T ,G ,I ,O ,K ,W ,C ,D ,N ,U ,S ,L ,0
RSVP_two_streams_bigger_cue_size_new ,266 ,16 , T1 ,10 ,"[-1, 0] ",3.0 ,D ,J ,Z ,G ,I ,K ,A ,B ,T ,W ,Q ,V ,H ,Y ,E ,C ,R ,X ,P ,U ,L ,O ,F ,M ,S ,N ,U ,T ,L ,B ,A ,X ,Q ,M ,P ,  ,O ,V ,Z ,K ,F ,E ,Y ,J ,H ,N ,D ,G ,R ,I ,W ,S ,0
RSVP_two_streams_bigger_cue_size_new ,267 ,16 , T1 ,22 ,"[-1, 0] ",10.0 ,S ,L ,K ,C ,T ,N ,E ,Z ,W ,H ,R ,Y ,F ,U ,V ,J ,O ,D ,I ,G ,M ,P ,X ,B ,Q ,A ,O ,S ,W ,T ,L ,D ,Q ,Y ,R ,C ,E ,B ,N ,J ,K ,G ,V ,M ,Z ,F ,X ,  ,A ,P ,I ,H ,0
RSVP_two_streams_bigger_cue_size_new ,268 ,16 , T1 ,22 ,"[1, 0] ",10.0 ,Q ,H ,Z ,M ,T ,D ,U ,G ,S ,W ,V ,X ,E ,R ,O ,Y ,I ,J ,K ,B ,P ,C ,L ,N ,F ,A ,M ,Q ,P ,O ,B ,N ,H ,W ,A ,I ,T ,S ,C ,K ,J ,D ,R ,Z ,L ,E ,V ,  ,U ,F ,G ,X ,1
RSVP_two_streams_bigger_cue_size_new ,269 ,16 , T1 ,18 ,"[-1, 0] ",10.0 ,C ,F ,E ,O ,B ,Z ,P ,X ,W ,R ,Y ,T ,Q ,V ,J ,U ,D ,M ,G ,I ,S ,H ,A ,L ,K ,N ,D ,N ,L ,Y ,G ,Z ,T ,O ,I ,E ,J ,B ,S ,W ,X ,V ,R ,  ,H ,M ,C ,U ,F ,Q ,P ,A ,0
RSVP_two_streams_bigger_cue_size_new ,270 ,16 , T1 ,18 ,"[1, 0] ",10.0 ,K ,Z ,L ,V ,O ,X ,A ,M ,I ,H ,D ,R ,N ,U ,F ,S ,P ,E ,C ,J ,Q ,B ,T ,G ,Y ,W ,I ,J ,S ,E ,M ,V ,B ,C ,X ,K ,N ,D ,Q ,Y ,U ,Z ,W ,  ,L ,T ,P ,G ,R ,O ,F ,A ,0
RSVP_two_streams_bigger_cue_size_new ,271 ,16 , T1 ,22 ,"[1, 0] ",10.0 ,S ,L ,F ,M ,R ,D ,Y ,Z ,B ,U ,E ,W ,O ,G ,J ,K ,T ,H ,Q ,A ,C ,N ,P ,V ,X ,I ,P ,A ,R ,K ,Q ,B ,C ,N ,Z ,M ,J ,O ,V ,X ,T ,L ,E ,F ,Y ,D ,H ,  ,W ,I ,U ,G ,0
RSVP_two_streams_bigger_cue_size_new ,272 ,16 , T1 ,22 ,"[-1, 0] ",10.0 ,L ,D ,G ,K ,M ,R ,Y ,P ,U ,V ,C ,A ,E ,N ,S ,X ,W ,I ,T ,F ,Q ,H ,B ,J ,O ,Z ,X ,B ,T ,R ,M ,H ,C ,O ,N ,Q ,K ,E ,J ,W ,Y ,U ,F ,Z ,L ,P ,I ,  ,G ,A ,S ,D ,0
RSVP_two_streams_bigger_cue_size_new ,273 ,16 , T1 ,10 ,"[1, 0] ",3.0 ,D ,A ,X ,R ,O ,B ,E ,Y ,U ,S ,Q ,L ,M ,V ,H ,I ,W ,N ,C ,K ,Z ,J ,G ,F ,P ,T ,Q ,C ,W ,X ,N ,G ,V ,M ,K ,  ,F ,P ,T ,O ,U ,R ,A ,D ,Z ,B ,L ,S ,J ,E ,H ,Y ,0
RSVP_two_streams_bigger_cue_size_new ,274 ,16 , T1 ,10 ,"[1, 0] ",10.0 ,M ,B ,Z ,S ,Q ,F ,L ,J ,C ,N ,D ,K ,V ,X ,H ,R ,G ,O ,P ,W ,E ,T ,I ,Y ,U ,A ,C ,G ,O ,A ,T ,L ,R ,D ,E ,  ,M ,H ,Y ,Q ,W ,X ,N ,B ,K ,F ,S ,I ,V ,U ,Z ,P ,0
RSVP_two_streams_bigger_cue_size_new ,275 ,16 , T1 ,10 ,"[-1, 0] ",10.0 ,W ,C ,S ,G ,E ,B ,Z ,U ,R ,F ,K ,H ,O ,D ,N ,P ,X ,T ,V ,Q ,J ,Y ,I ,L ,M ,A ,U ,V ,J ,X ,C ,H ,Y ,M ,K ,  ,A ,N ,T ,R ,B ,E ,I ,S ,O ,W ,D ,Z ,G ,P ,Q ,L ,0
RSVP_two_streams_bigger_cue_size_new ,276 ,16 , T1 ,22 ,"[-1, 0] ",10.0 ,K ,H ,U ,M ,C ,Y ,R ,B ,T ,W ,N ,D ,S ,V ,E ,G ,I ,P ,F ,Q ,L ,J ,O ,Z ,A ,X ,B ,V ,F ,G ,I ,W ,Z ,Y ,C ,P ,J ,N ,O ,M ,U ,A ,L ,S ,K ,D ,T ,  ,R ,X ,H ,Q ,0
RSVP_two_streams_bigger_cue_size_new ,277 ,16 , T1 ,6 ,"[-1, 0] ",3.0 ,D ,T ,J ,N ,V ,E ,M ,X ,L ,A ,F ,G ,K ,Z ,R ,I ,Q ,B ,H ,O ,Y ,C ,U ,P ,W ,S ,Q ,Z ,V ,S ,C ,  ,W ,D ,F ,K ,R ,G ,T ,M ,H ,U ,I ,N ,J ,B ,Y ,P ,L ,E ,A ,O ,0
RSVP_two_streams_bigger_cue_size_new ,278 ,16 , T1 ,18 ,"[-1, 0] ",10.0 ,J ,Y ,D ,Q ,W ,A ,I ,P ,C ,V ,G ,S ,Z ,M ,L ,N ,B ,O ,E ,T ,U ,K ,F ,R ,H ,X ,Z ,X ,P ,E ,R ,K ,G ,A ,B ,Y ,T ,J ,N ,S ,V ,O ,L ,  ,I ,F ,Q ,U ,H ,W ,D ,M ,0
RSVP_two_streams_bigger_cue_size_new ,279 ,16 , T1 ,6 ,"[1, 0] ",10.0 ,B ,C ,H ,Y ,X ,L ,T ,A ,W ,Z ,U ,I ,F ,E ,D ,O ,K ,M ,G ,S ,V ,Q ,R ,P ,N ,J ,P ,Q ,X ,W ,G ,  ,E ,N ,O ,V ,D ,K ,T ,R ,F ,A ,H ,S ,I ,L ,M ,C ,Y ,Z ,B ,U ,0
