experimentPhase,trialnum,subject,task,answerPos0,ltrSpatialPos1,ltrEccentricity1,m1,m2,m3,m4,m5,m6,m7,m8,m9,m10,m11,m12,m13,m14,m15,m16,m17,m18,m19,m20,m21,m22,m23,m24,m25,m26,c1,c2,c3,c4,c5,c6,c7,c8,c9,c10,c11,c12,c13,c14,c15,c16,c17,c18,c19,c20,c21,c22,c23,c24,c25,c26,timingBlips
RSVP_central_cue_between_letter_presentation ,0 ,7 , T1 ,18 ,"[-1, 0] ",3.0 ,S ,K ,M ,Q ,H ,L ,J ,G ,A ,E ,Y ,W ,D ,N ,T ,V ,B ,P ,F ,O ,R ,Z ,I ,C ,X ,U ,B ,P ,G ,R ,I ,E ,Q ,V ,U ,J ,K ,A ,Y ,S ,D ,C ,H ,  ,X ,W ,M ,F ,O ,Z ,L ,N ,0
RSVP_central_cue_between_letter_presentation ,1 ,7 , T1 ,18 ,"[-1, 0] ",3.0 ,R ,W ,V ,L ,H ,K ,M ,P ,Z ,Y ,G ,U ,J ,C ,I ,T ,Q ,S ,X ,F ,A ,E ,O ,N ,B ,D ,H ,C ,X ,G ,R ,U ,A ,L ,M ,I ,V ,E ,T ,S ,F ,J ,Y ,  ,K ,W ,N ,P ,D ,Z ,Q ,B ,0
RSVP_central_cue_between_letter_presentation ,2 ,7 , T1 ,6 ,"[1, 0] ",10.0 ,S ,W ,D ,J ,G ,K ,V ,U ,O ,I ,B ,N ,Q ,H ,Y ,C ,X ,P ,L ,E ,A ,M ,R ,F ,T ,Z ,C ,W ,E ,P ,A ,  ,J ,B ,S ,K ,N ,R ,O ,M ,G ,D ,Z ,H ,Y ,F ,X ,I ,Q ,L ,U ,T ,0
RSVP_central_cue_between_letter_presentation ,3 ,7 , T1 ,10 ,"[-1, 0] ",10.0 ,F ,W ,C ,M ,P ,T ,N ,J ,O ,D ,G ,U ,R ,B ,K ,H ,Z ,X ,S ,L ,Y ,A ,E ,V ,Q ,I ,L ,X ,G ,F ,P ,E ,O ,I ,M ,  ,D ,U ,H ,Q ,T ,B ,W ,C ,S ,K ,N ,R ,Z ,A ,V ,J ,0
RSVP_central_cue_between_letter_presentation ,4 ,7 , T1 ,18 ,"[-1, 0] ",3.0 ,M ,W ,K ,N ,Y ,F ,A ,Z ,S ,U ,G ,V ,B ,J ,H ,P ,D ,I ,Q ,O ,C ,L ,E ,R ,T ,X ,E ,V ,P ,L ,D ,J ,B ,F ,I ,S ,Q ,T ,N ,G ,O ,A ,C ,  ,W ,K ,H ,M ,U ,Y ,X ,Z ,0
RSVP_central_cue_between_letter_presentation ,5 ,7 , T1 ,10 ,"[1, 0] ",10.0 ,O ,F ,A ,B ,Y ,M ,E ,P ,R ,T ,Q ,N ,D ,I ,S ,G ,V ,Z ,K ,H ,W ,J ,C ,L ,X ,U ,Y ,E ,M ,J ,Z ,Q ,X ,H ,F ,  ,I ,K ,P ,W ,U ,D ,V ,L ,N ,A ,B ,C ,R ,T ,G ,O ,0
RSVP_central_cue_between_letter_presentation ,6 ,7 , T1 ,14 ,"[-1, 0] ",3.0 ,L ,N ,I ,J ,K ,G ,T ,F ,U ,R ,Q ,A ,D ,P ,O ,M ,S ,Y ,C ,X ,W ,E ,Z ,V ,H ,B ,O ,J ,N ,P ,Y ,D ,T ,H ,Z ,S ,M ,X ,C ,  ,R ,B ,L ,G ,F ,I ,V ,A ,K ,U ,W ,Q ,0
RSVP_central_cue_between_letter_presentation ,7 ,7 , T1 ,6 ,"[1, 0] ",3.0 ,D ,C ,B ,N ,E ,P ,U ,S ,Y ,J ,W ,M ,K ,F ,R ,O ,L ,I ,Z ,X ,T ,H ,V ,Q ,A ,G ,U ,N ,V ,R ,I ,  ,E ,B ,T ,Z ,L ,D ,G ,P ,A ,C ,Q ,J ,K ,S ,X ,H ,O ,Y ,W ,F ,0
RSVP_central_cue_between_letter_presentation ,8 ,7 , T1 ,14 ,"[-1, 0] ",10.0 ,F ,E ,T ,C ,V ,G ,U ,Z ,Q ,S ,W ,O ,A ,P ,R ,N ,M ,L ,D ,B ,Y ,I ,J ,X ,H ,K ,P ,Y ,O ,V ,X ,H ,N ,F ,R ,Z ,J ,K ,I ,  ,A ,U ,C ,W ,D ,M ,G ,L ,S ,Q ,B ,E ,1
RSVP_central_cue_between_letter_presentation ,9 ,7 , T1 ,18 ,"[1, 0] ",3.0 ,H ,W ,V ,U ,S ,K ,M ,Z ,L ,I ,T ,E ,O ,P ,B ,D ,N ,R ,C ,X ,Y ,A ,F ,Q ,J ,G ,K ,E ,H ,X ,Y ,D ,N ,I ,P ,U ,R ,S ,Q ,F ,C ,W ,J ,  ,G ,A ,B ,V ,L ,O ,T ,Z ,0
RSVP_central_cue_between_letter_presentation ,10 ,7 , T1 ,18 ,"[1, 0] ",10.0 ,V ,N ,S ,M ,R ,E ,H ,C ,Y ,W ,G ,J ,Z ,Q ,X ,P ,B ,I ,D ,A ,U ,K ,L ,F ,O ,T ,O ,L ,J ,T ,Q ,E ,X ,A ,C ,V ,G ,R ,I ,D ,K ,N ,S ,  ,U ,W ,P ,F ,Y ,Z ,H ,B ,0
RSVP_central_cue_between_letter_presentation ,11 ,7 , T1 ,22 ,"[1, 0] ",10.0 ,F ,D ,P ,K ,Y ,N ,T ,E ,I ,W ,Q ,M ,O ,B ,X ,C ,A ,R ,U ,G ,L ,J ,S ,Z ,V ,H ,G ,A ,T ,F ,U ,B ,S ,D ,P ,O ,R ,V ,W ,K ,X ,H ,Y ,Q ,I ,E ,Z ,  ,M ,N ,C ,J ,0
RSVP_central_cue_between_letter_presentation ,12 ,7 , T1 ,6 ,"[-1, 0] ",3.0 ,W ,F ,D ,I ,C ,R ,A ,M ,X ,J ,B ,P ,T ,O ,Q ,K ,U ,H ,E ,V ,G ,Z ,S ,L ,Y ,N ,P ,H ,U ,B ,C ,  ,A ,X ,W ,G ,M ,L ,Y ,Z ,E ,K ,T ,V ,Q ,N ,R ,F ,S ,O ,J ,I ,0
RSVP_central_cue_between_letter_presentation ,13 ,7 , T1 ,10 ,"[1, 0] ",3.0 ,P ,D ,Q ,O ,B ,H ,S ,G ,X ,J ,A ,W ,R ,C ,I ,U ,E ,Y ,T ,F ,L ,V ,M ,N ,K ,Z ,J ,F ,X ,I ,K ,A ,M ,L ,N ,  ,Z ,E ,H ,B ,D ,W ,U ,G ,Q ,Y ,P ,C ,T ,V ,R ,S ,0
RSVP_central_cue_between_letter_presentation ,14 ,7 , T1 ,6 ,"[1, 0] ",3.0 ,L ,E ,F ,X ,O ,B ,W ,S ,A ,R ,T ,C ,G ,M ,U ,P ,J ,H ,V ,K ,Y ,Q ,Z ,I ,N ,D ,H ,Y ,A ,X ,F ,  ,P ,T ,M ,S ,B ,V ,N ,J ,O ,G ,E ,D ,Q ,I ,L ,C ,R ,Z ,U ,K ,0
RSVP_central_cue_between_letter_presentation ,15 ,7 , T1 ,22 ,"[-1, 0] ",10.0 ,H ,R ,N ,L ,U ,E ,O ,X ,B ,Y ,T ,G ,K ,S ,F ,M ,C ,D ,Q ,I ,J ,Z ,W ,P ,V ,A ,I ,X ,T ,K ,W ,O ,Q ,C ,V ,H ,A ,Z ,U ,B ,J ,Y ,G ,P ,M ,N ,R ,  ,L ,E ,F ,S ,1
RSVP_central_cue_between_letter_presentation ,16 ,7 , T1 ,18 ,"[1, 0] ",10.0 ,R ,O ,V ,J ,S ,Y ,G ,B ,U ,P ,Q ,C ,A ,E ,L ,Z ,H ,W ,D ,M ,N ,X ,I ,K ,T ,F ,P ,X ,K ,D ,S ,W ,H ,Y ,E ,L ,R ,F ,I ,Q ,T ,Z ,C ,  ,J ,O ,M ,N ,U ,A ,G ,V ,0
RSVP_central_cue_between_letter_presentation ,17 ,7 , T1 ,10 ,"[1, 0] ",10.0 ,L ,Z ,G ,U ,K ,X ,H ,Y ,S ,D ,M ,I ,E ,R ,W ,A ,P ,O ,N ,Q ,V ,F ,B ,J ,T ,C ,P ,T ,F ,B ,D ,I ,M ,J ,K ,  ,S ,R ,V ,Q ,H ,O ,E ,Z ,X ,C ,N ,G ,Y ,L ,U ,A ,1
RSVP_central_cue_between_letter_presentation ,18 ,7 , T1 ,14 ,"[1, 0] ",10.0 ,N ,R ,Y ,Z ,A ,E ,T ,S ,W ,X ,H ,I ,V ,P ,Q ,D ,C ,U ,M ,G ,F ,B ,L ,J ,O ,K ,B ,J ,L ,P ,M ,F ,U ,S ,X ,Q ,V ,H ,Z ,  ,D ,G ,I ,R ,T ,A ,O ,W ,E ,N ,K ,C ,0
RSVP_central_cue_between_letter_presentation ,19 ,7 , T1 ,18 ,"[-1, 0] ",10.0 ,H ,C ,I ,O ,L ,S ,N ,Q ,P ,B ,X ,E ,A ,K ,T ,J ,W ,F ,M ,U ,V ,G ,R ,Y ,Z ,D ,H ,V ,G ,N ,S ,R ,D ,T ,Q ,U ,A ,M ,J ,E ,C ,W ,O ,  ,F ,I ,P ,L ,B ,K ,Y ,X ,0
RSVP_central_cue_between_letter_presentation ,20 ,7 , T1 ,22 ,"[1, 0] ",10.0 ,C ,O ,V ,A ,R ,Z ,J ,P ,L ,W ,T ,B ,I ,X ,U ,S ,Y ,D ,N ,G ,K ,Q ,H ,F ,E ,M ,E ,O ,J ,V ,R ,P ,L ,G ,I ,T ,K ,A ,N ,Q ,W ,U ,S ,Z ,F ,B ,M ,  ,X ,D ,C ,H ,0
RSVP_central_cue_between_letter_presentation ,21 ,7 , T1 ,22 ,"[1, 0] ",3.0 ,H ,R ,V ,I ,J ,F ,E ,K ,X ,A ,Z ,O ,L ,N ,C ,B ,G ,U ,D ,Y ,M ,S ,W ,Q ,P ,T ,P ,U ,S ,L ,C ,A ,W ,I ,Y ,D ,O ,N ,K ,X ,G ,B ,R ,V ,T ,M ,Z ,  ,J ,H ,E ,Q ,0
RSVP_central_cue_between_letter_presentation ,22 ,7 , T1 ,18 ,"[-1, 0] ",3.0 ,U ,J ,F ,M ,X ,G ,B ,R ,D ,K ,I ,L ,O ,E ,Q ,C ,N ,V ,Z ,W ,T ,S ,A ,P ,H ,Y ,D ,O ,V ,T ,W ,Z ,Y ,N ,A ,S ,F ,R ,L ,G ,B ,K ,U ,  ,Q ,H ,I ,J ,E ,X ,P ,C ,0
RSVP_central_cue_between_letter_presentation ,23 ,7 , T1 ,14 ,"[1, 0] ",10.0 ,H ,O ,T ,S ,F ,N ,A ,X ,E ,K ,L ,M ,I ,B ,G ,J ,Z ,V ,Q ,P ,Y ,C ,D ,R ,W ,U ,O ,U ,L ,E ,B ,W ,C ,A ,M ,G ,T ,I ,R ,  ,D ,K ,J ,S ,Y ,N ,Z ,X ,F ,V ,H ,Q ,0
RSVP_central_cue_between_letter_presentation ,24 ,7 , T1 ,22 ,"[-1, 0] ",3.0 ,W ,L ,J ,R ,F ,V ,Y ,O ,C ,G ,M ,H ,P ,A ,I ,N ,S ,B ,Q ,Z ,K ,X ,T ,D ,E ,U ,E ,N ,T ,I ,A ,F ,O ,V ,Y ,D ,U ,P ,K ,C ,M ,J ,Z ,L ,Q ,W ,G ,  ,X ,R ,B ,H ,0
RSVP_central_cue_between_letter_presentation ,25 ,7 , T1 ,22 ,"[-1, 0] ",3.0 ,L ,O ,Y ,M ,B ,P ,A ,N ,C ,V ,Z ,G ,Q ,W ,X ,H ,U ,J ,S ,E ,K ,R ,D ,F ,I ,T ,T ,A ,D ,E ,U ,W ,G ,M ,V ,X ,C ,Y ,Z ,O ,B ,R ,J ,Q ,H ,S ,P ,  ,K ,I ,N ,L ,1
RSVP_central_cue_between_letter_presentation ,26 ,7 , T1 ,6 ,"[1, 0] ",3.0 ,R ,C ,J ,Y ,P ,T ,F ,H ,Q ,K ,V ,I ,U ,B ,M ,O ,N ,D ,G ,S ,W ,Z ,A ,E ,X ,L ,O ,L ,X ,F ,T ,  ,B ,R ,H ,Z ,J ,D ,Q ,E ,Y ,W ,U ,I ,G ,V ,P ,M ,A ,N ,C ,S ,0
RSVP_central_cue_between_letter_presentation ,27 ,7 , T1 ,10 ,"[1, 0] ",10.0 ,H ,W ,G ,N ,T ,D ,V ,K ,R ,P ,Y ,Q ,B ,Z ,E ,S ,O ,U ,I ,A ,X ,L ,M ,F ,C ,J ,M ,F ,H ,Z ,Y ,U ,K ,J ,R ,  ,B ,V ,D ,C ,G ,P ,I ,T ,X ,E ,N ,S ,O ,Q ,L ,W ,0
RSVP_central_cue_between_letter_presentation ,28 ,7 , T1 ,22 ,"[-1, 0] ",3.0 ,B ,Q ,G ,V ,P ,R ,K ,L ,A ,S ,T ,M ,D ,U ,I ,H ,Y ,W ,F ,X ,O ,J ,C ,Z ,E ,N ,P ,O ,J ,K ,D ,M ,A ,X ,C ,T ,H ,Q ,U ,F ,L ,I ,N ,V ,B ,W ,Z ,  ,G ,R ,Y ,E ,0
RSVP_central_cue_between_letter_presentation ,29 ,7 , T1 ,18 ,"[1, 0] ",3.0 ,D ,M ,G ,Y ,B ,Z ,X ,V ,E ,U ,S ,A ,J ,I ,H ,R ,W ,O ,T ,N ,Q ,K ,F ,C ,P ,L ,Z ,O ,Q ,R ,S ,T ,V ,E ,C ,B ,N ,G ,L ,I ,A ,P ,D ,  ,K ,J ,H ,U ,F ,W ,M ,Y ,0
RSVP_central_cue_between_letter_presentation ,30 ,7 , T1 ,6 ,"[-1, 0] ",10.0 ,U ,T ,C ,S ,A ,L ,V ,I ,J ,Q ,B ,Y ,N ,Z ,W ,X ,P ,D ,E ,O ,G ,F ,K ,M ,R ,H ,M ,R ,J ,Q ,B ,  ,O ,W ,T ,I ,A ,H ,V ,U ,Y ,L ,K ,S ,N ,Z ,C ,D ,E ,F ,P ,X ,0
RSVP_central_cue_between_letter_presentation ,31 ,7 , T1 ,6 ,"[-1, 0] ",3.0 ,V ,K ,W ,U ,C ,H ,T ,F ,X ,G ,I ,Y ,Q ,B ,J ,S ,Z ,O ,E ,R ,P ,D ,N ,M ,A ,L ,N ,H ,L ,Z ,G ,  ,B ,X ,W ,F ,T ,M ,E ,K ,Q ,C ,O ,D ,V ,P ,J ,R ,S ,Y ,I ,U ,0
RSVP_central_cue_between_letter_presentation ,32 ,7 , T1 ,10 ,"[1, 0] ",10.0 ,J ,N ,A ,Y ,I ,X ,S ,F ,K ,U ,Q ,G ,Z ,P ,E ,D ,B ,O ,T ,M ,L ,C ,V ,R ,H ,W ,P ,W ,V ,M ,B ,R ,O ,J ,H ,  ,Z ,U ,D ,N ,K ,X ,Y ,Q ,G ,L ,F ,I ,A ,T ,C ,E ,0
RSVP_central_cue_between_letter_presentation ,33 ,7 , T1 ,10 ,"[-1, 0] ",10.0 ,I ,F ,R ,W ,E ,T ,Z ,Q ,H ,U ,S ,V ,J ,D ,L ,O ,P ,C ,G ,M ,A ,X ,N ,K ,B ,Y ,R ,J ,E ,S ,C ,U ,D ,H ,Q ,  ,B ,N ,T ,P ,Z ,O ,X ,M ,V ,I ,L ,G ,W ,F ,K ,A ,0
RSVP_central_cue_between_letter_presentation ,34 ,7 , T1 ,14 ,"[1, 0] ",10.0 ,L ,Z ,Q ,N ,S ,Y ,V ,B ,X ,M ,D ,R ,G ,C ,O ,H ,I ,P ,K ,F ,A ,T ,U ,W ,E ,J ,I ,Q ,E ,X ,O ,G ,D ,N ,A ,J ,M ,K ,B ,  ,F ,H ,T ,U ,R ,W ,Y ,C ,V ,L ,S ,P ,0
RSVP_central_cue_between_letter_presentation ,35 ,7 , T1 ,14 ,"[1, 0] ",10.0 ,C ,L ,B ,X ,I ,Z ,Q ,V ,W ,S ,N ,K ,A ,G ,J ,E ,O ,P ,H ,D ,F ,Y ,M ,T ,U ,R ,C ,S ,T ,K ,Y ,Z ,P ,G ,X ,H ,M ,E ,A ,  ,W ,O ,V ,I ,N ,J ,U ,Q ,R ,D ,L ,F ,0
RSVP_central_cue_between_letter_presentation ,36 ,7 , T1 ,18 ,"[-1, 0] ",10.0 ,P ,H ,A ,M ,V ,R ,D ,U ,O ,E ,T ,F ,Z ,Y ,K ,B ,X ,S ,J ,C ,I ,W ,G ,Q ,N ,L ,C ,G ,H ,A ,K ,W ,Q ,I ,Z ,N ,T ,L ,E ,J ,M ,P ,B ,  ,D ,S ,V ,X ,O ,Y ,F ,U ,0
RSVP_central_cue_between_letter_presentation ,37 ,7 , T1 ,10 ,"[-1, 0] ",10.0 ,X ,D ,O ,V ,C ,L ,Z ,N ,B ,H ,P ,S ,Y ,W ,M ,Q ,T ,E ,R ,I ,J ,G ,K ,U ,F ,A ,M ,N ,G ,P ,Y ,S ,I ,W ,Q ,  ,O ,D ,E ,C ,B ,A ,F ,U ,J ,L ,T ,Z ,H ,K ,V ,X ,0
RSVP_central_cue_between_letter_presentation ,38 ,7 , T1 ,6 ,"[-1, 0] ",10.0 ,G ,N ,M ,Z ,J ,U ,T ,W ,K ,Q ,S ,P ,Y ,I ,X ,H ,F ,E ,B ,A ,R ,D ,C ,L ,O ,V ,T ,L ,N ,W ,R ,  ,K ,Q ,I ,O ,Z ,P ,S ,D ,Y ,M ,X ,A ,C ,H ,J ,E ,G ,B ,F ,V ,0
RSVP_central_cue_between_letter_presentation ,39 ,7 , T1 ,22 ,"[-1, 0] ",3.0 ,Z ,J ,K ,A ,R ,N ,M ,V ,B ,E ,D ,G ,Y ,C ,W ,S ,F ,P ,H ,T ,L ,U ,I ,O ,Q ,X ,L ,Y ,O ,I ,N ,P ,H ,U ,F ,B ,J ,C ,M ,V ,W ,Z ,Q ,K ,T ,D ,E ,  ,A ,R ,X ,S ,0
RSVP_central_cue_between_letter_presentation ,40 ,7 , T1 ,14 ,"[-1, 0] ",10.0 ,K ,C ,Q ,M ,R ,S ,F ,P ,I ,L ,G ,H ,Z ,T ,V ,D ,B ,E ,X ,J ,N ,O ,Y ,W ,A ,U ,U ,K ,S ,D ,Y ,W ,T ,V ,Q ,J ,L ,H ,A ,  ,P ,F ,O ,B ,R ,C ,I ,M ,N ,G ,Z ,X ,0
RSVP_central_cue_between_letter_presentation ,41 ,7 , T1 ,18 ,"[1, 0] ",10.0 ,I ,O ,E ,C ,W ,X ,N ,M ,J ,A ,U ,L ,D ,B ,V ,R ,H ,Q ,P ,F ,K ,G ,S ,Z ,Y ,T ,H ,K ,E ,Q ,Z ,G ,R ,A ,O ,P ,Y ,I ,C ,V ,T ,J ,N ,  ,D ,W ,L ,M ,F ,X ,B ,U ,0
RSVP_central_cue_between_letter_presentation ,42 ,7 , T1 ,18 ,"[1, 0] ",10.0 ,G ,W ,Z ,L ,I ,N ,Y ,Q ,O ,D ,F ,X ,J ,E ,M ,P ,A ,S ,U ,V ,H ,K ,T ,R ,C ,B ,A ,Y ,D ,B ,Z ,I ,C ,P ,W ,Q ,X ,V ,M ,N ,G ,R ,U ,  ,S ,K ,L ,H ,T ,O ,J ,E ,0
RSVP_central_cue_between_letter_presentation ,43 ,7 , T1 ,10 ,"[1, 0] ",10.0 ,W ,Q ,A ,V ,I ,U ,H ,B ,X ,R ,S ,E ,L ,N ,M ,F ,D ,C ,K ,P ,Y ,G ,T ,J ,O ,Z ,B ,O ,T ,I ,K ,N ,Z ,Y ,H ,  ,C ,M ,U ,V ,G ,X ,E ,R ,J ,S ,L ,P ,D ,F ,W ,A ,0
RSVP_central_cue_between_letter_presentation ,44 ,7 , T1 ,10 ,"[1, 0] ",3.0 ,F ,V ,M ,T ,G ,L ,H ,S ,P ,C ,I ,Q ,A ,R ,D ,J ,E ,Z ,X ,O ,W ,K ,U ,Y ,N ,B ,B ,O ,Z ,E ,A ,C ,K ,J ,N ,  ,D ,T ,S ,P ,M ,L ,I ,R ,Q ,F ,V ,U ,Y ,H ,W ,G ,0
RSVP_central_cue_between_letter_presentation ,45 ,7 , T1 ,14 ,"[-1, 0] ",3.0 ,G ,L ,Q ,E ,J ,U ,R ,Z ,S ,V ,D ,W ,C ,I ,F ,O ,B ,T ,H ,K ,M ,X ,Y ,P ,A ,N ,O ,I ,T ,P ,W ,B ,E ,F ,U ,J ,S ,C ,D ,  ,K ,A ,L ,H ,Z ,Y ,Q ,R ,M ,G ,V ,N ,0
RSVP_central_cue_between_letter_presentation ,46 ,7 , T1 ,14 ,"[-1, 0] ",10.0 ,W ,U ,G ,B ,M ,K ,E ,P ,H ,I ,N ,X ,L ,Q ,J ,A ,C ,F ,T ,Y ,V ,O ,R ,D ,S ,Z ,Y ,M ,K ,U ,G ,O ,L ,B ,V ,T ,N ,D ,Z ,  ,E ,R ,A ,X ,J ,S ,I ,W ,Q ,P ,C ,H ,0
RSVP_central_cue_between_letter_presentation ,47 ,7 , T1 ,14 ,"[-1, 0] ",3.0 ,T ,C ,A ,P ,J ,X ,H ,F ,N ,Z ,Q ,L ,U ,M ,D ,I ,G ,V ,Y ,S ,B ,E ,R ,W ,K ,O ,Y ,B ,G ,W ,I ,M ,U ,P ,X ,K ,V ,S ,A ,  ,Z ,T ,H ,D ,N ,E ,F ,O ,C ,J ,L ,R ,0
RSVP_central_cue_between_letter_presentation ,48 ,7 , T1 ,14 ,"[1, 0] ",3.0 ,C ,M ,F ,H ,J ,B ,S ,D ,L ,Q ,E ,N ,O ,V ,Z ,X ,K ,P ,U ,Y ,W ,T ,A ,G ,I ,R ,T ,I ,L ,C ,X ,O ,V ,B ,E ,S ,P ,R ,D ,  ,Z ,N ,H ,A ,F ,W ,G ,U ,K ,M ,Y ,J ,0
RSVP_central_cue_between_letter_presentation ,49 ,7 , T1 ,6 ,"[-1, 0] ",3.0 ,Q ,G ,Y ,P ,W ,F ,O ,T ,S ,E ,V ,R ,J ,L ,B ,K ,Z ,N ,X ,H ,U ,I ,C ,A ,M ,D ,G ,N ,D ,A ,K ,  ,I ,X ,Z ,E ,Y ,L ,Q ,O ,T ,W ,V ,H ,J ,M ,U ,C ,P ,B ,S ,F ,0
RSVP_central_cue_between_letter_presentation ,50 ,7 , T1 ,10 ,"[1, 0] ",10.0 ,H ,P ,C ,A ,B ,T ,J ,L ,S ,R ,E ,I ,Z ,D ,U ,M ,W ,K ,N ,Q ,V ,Y ,F ,O ,G ,X ,C ,T ,D ,Y ,H ,K ,S ,U ,W ,  ,G ,N ,E ,O ,X ,J ,M ,R ,B ,A ,I ,V ,Z ,P ,L ,F ,0
RSVP_central_cue_between_letter_presentation ,51 ,7 , T1 ,18 ,"[-1, 0] ",3.0 ,J ,S ,U ,E ,A ,B ,F ,Y ,R ,W ,D ,G ,V ,C ,Z ,O ,M ,L ,K ,P ,T ,I ,Q ,H ,N ,X ,W ,E ,G ,X ,D ,K ,H ,T ,Y ,P ,C ,M ,S ,N ,Q ,A ,F ,  ,O ,V ,B ,J ,I ,L ,Z ,R ,0
RSVP_central_cue_between_letter_presentation ,52 ,7 , T1 ,22 ,"[1, 0] ",10.0 ,M ,C ,O ,B ,D ,K ,I ,H ,N ,V ,W ,J ,Y ,R ,Z ,X ,U ,S ,G ,Q ,T ,E ,P ,L ,A ,F ,W ,P ,U ,A ,B ,R ,T ,K ,H ,F ,M ,Z ,X ,O ,L ,D ,I ,G ,J ,Q ,Y ,  ,N ,S ,V ,E ,0
RSVP_central_cue_between_letter_presentation ,53 ,7 , T1 ,10 ,"[1, 0] ",3.0 ,J ,I ,Z ,W ,F ,H ,U ,K ,C ,Y ,G ,S ,M ,T ,X ,V ,R ,A ,E ,B ,N ,Q ,P ,D ,L ,O ,D ,I ,M ,C ,H ,T ,R ,J ,B ,  ,L ,K ,X ,G ,O ,U ,W ,F ,E ,Y ,Z ,A ,Q ,N ,S ,V ,0
RSVP_central_cue_between_letter_presentation ,54 ,7 , T1 ,22 ,"[-1, 0] ",10.0 ,R ,O ,F ,I ,Q ,T ,M ,K ,V ,N ,W ,H ,S ,B ,C ,P ,U ,J ,L ,E ,Z ,Y ,X ,G ,A ,D ,I ,E ,Q ,Y ,X ,V ,R ,W ,S ,A ,U ,D ,F ,Z ,P ,O ,H ,J ,M ,B ,N ,  ,L ,C ,G ,K ,0
RSVP_central_cue_between_letter_presentation ,55 ,7 , T1 ,18 ,"[-1, 0] ",3.0 ,G ,Q ,R ,L ,J ,F ,M ,E ,S ,X ,Z ,T ,I ,N ,D ,O ,B ,K ,V ,U ,C ,Y ,P ,A ,H ,W ,A ,G ,V ,T ,I ,R ,P ,Y ,H ,Q ,L ,B ,J ,C ,W ,S ,O ,  ,N ,X ,U ,E ,Z ,F ,D ,K ,0
RSVP_central_cue_between_letter_presentation ,56 ,7 , T1 ,22 ,"[1, 0] ",3.0 ,F ,S ,C ,A ,G ,D ,W ,B ,J ,P ,I ,Y ,X ,U ,L ,Q ,N ,T ,Z ,H ,V ,O ,R ,E ,M ,K ,C ,A ,G ,X ,R ,L ,V ,Z ,U ,J ,K ,E ,P ,M ,N ,F ,D ,T ,Y ,W ,S ,  ,H ,B ,I ,Q ,0
RSVP_central_cue_between_letter_presentation ,57 ,7 , T1 ,6 ,"[-1, 0] ",3.0 ,J ,A ,K ,V ,G ,N ,E ,F ,R ,Q ,M ,L ,O ,P ,X ,Z ,H ,U ,C ,B ,Y ,S ,D ,W ,I ,T ,L ,M ,N ,V ,E ,  ,R ,W ,D ,I ,J ,C ,S ,Y ,Z ,B ,G ,T ,H ,O ,A ,X ,K ,U ,P ,Q ,0
RSVP_central_cue_between_letter_presentation ,58 ,7 , T1 ,14 ,"[1, 0] ",3.0 ,T ,Y ,W ,S ,F ,L ,Z ,C ,J ,Q ,V ,H ,R ,K ,D ,X ,M ,E ,G ,B ,P ,A ,U ,I ,N ,O ,O ,R ,M ,T ,I ,V ,Y ,U ,X ,B ,E ,Q ,L ,  ,N ,H ,W ,G ,K ,Z ,A ,F ,C ,J ,S ,P ,0
RSVP_central_cue_between_letter_presentation ,59 ,7 , T1 ,18 ,"[1, 0] ",3.0 ,W ,V ,N ,J ,H ,L ,F ,D ,C ,X ,B ,M ,P ,G ,Y ,I ,Q ,O ,U ,Z ,A ,T ,K ,S ,E ,R ,X ,C ,N ,G ,S ,B ,A ,Y ,E ,F ,U ,P ,H ,K ,W ,T ,J ,  ,Q ,Z ,I ,D ,V ,M ,R ,L ,0
RSVP_central_cue_between_letter_presentation ,60 ,7 , T1 ,22 ,"[-1, 0] ",3.0 ,K ,U ,O ,N ,L ,M ,J ,V ,W ,X ,H ,P ,R ,Q ,F ,T ,A ,Z ,I ,E ,G ,C ,D ,S ,B ,Y ,W ,N ,P ,C ,L ,U ,H ,Z ,J ,V ,M ,G ,A ,E ,X ,D ,S ,Q ,T ,B ,R ,  ,I ,K ,F ,Y ,0
RSVP_central_cue_between_letter_presentation ,61 ,7 , T1 ,6 ,"[-1, 0] ",3.0 ,A ,X ,I ,S ,P ,W ,J ,T ,H ,L ,R ,N ,Z ,E ,F ,D ,O ,B ,M ,Y ,Q ,C ,V ,K ,U ,G ,X ,M ,V ,Z ,F ,  ,H ,L ,G ,Q ,A ,K ,P ,E ,T ,I ,R ,O ,B ,S ,C ,W ,J ,N ,D ,U ,0
RSVP_central_cue_between_letter_presentation ,62 ,7 , T1 ,22 ,"[1, 0] ",10.0 ,A ,O ,I ,N ,Q ,B ,E ,F ,T ,X ,W ,D ,M ,K ,P ,C ,U ,J ,V ,R ,Z ,L ,H ,G ,Y ,S ,O ,E ,Z ,A ,X ,C ,T ,R ,W ,Y ,N ,V ,G ,L ,B ,F ,S ,M ,H ,J ,I ,  ,D ,K ,P ,U ,0
RSVP_central_cue_between_letter_presentation ,63 ,7 , T1 ,18 ,"[1, 0] ",3.0 ,K ,Y ,E ,W ,R ,A ,U ,B ,N ,J ,C ,T ,I ,X ,O ,M ,P ,Z ,G ,L ,D ,F ,V ,H ,S ,Q ,N ,S ,K ,C ,I ,E ,B ,F ,H ,M ,O ,A ,D ,J ,P ,L ,Z ,  ,T ,R ,Y ,V ,X ,U ,W ,Q ,0
RSVP_central_cue_between_letter_presentation ,64 ,7 , T1 ,22 ,"[-1, 0] ",10.0 ,K ,U ,V ,Y ,B ,G ,S ,F ,I ,Z ,T ,O ,E ,H ,D ,J ,R ,N ,C ,P ,L ,M ,A ,Q ,X ,W ,Y ,C ,L ,Z ,J ,Q ,H ,F ,E ,B ,U ,I ,N ,W ,T ,M ,D ,O ,X ,P ,A ,  ,G ,V ,R ,S ,0
RSVP_central_cue_between_letter_presentation ,65 ,7 , T1 ,6 ,"[-1, 0] ",3.0 ,P ,T ,N ,D ,S ,Y ,X ,Z ,R ,F ,W ,K ,L ,O ,A ,H ,C ,U ,Q ,V ,M ,G ,B ,J ,I ,E ,C ,S ,K ,Z ,E ,  ,V ,B ,O ,D ,I ,H ,Y ,X ,P ,N ,Q ,G ,A ,F ,W ,L ,R ,U ,J ,T ,0
RSVP_central_cue_between_letter_presentation ,66 ,7 , T1 ,10 ,"[1, 0] ",3.0 ,J ,F ,B ,P ,A ,E ,W ,D ,S ,Z ,M ,C ,L ,I ,G ,U ,O ,Q ,V ,H ,N ,R ,K ,X ,Y ,T ,T ,K ,E ,N ,G ,O ,B ,X ,A ,  ,H ,L ,P ,S ,C ,M ,V ,W ,J ,R ,D ,I ,Q ,F ,Y ,Z ,0
RSVP_central_cue_between_letter_presentation ,67 ,7 , T1 ,18 ,"[-1, 0] ",3.0 ,M ,J ,O ,L ,C ,E ,D ,Z ,P ,B ,T ,S ,A ,I ,X ,Q ,G ,H ,N ,U ,F ,Y ,V ,W ,K ,R ,G ,Z ,S ,I ,E ,N ,J ,T ,V ,A ,R ,L ,D ,P ,W ,Q ,F ,  ,U ,Y ,C ,M ,X ,O ,K ,B ,0
RSVP_central_cue_between_letter_presentation ,68 ,7 , T1 ,14 ,"[1, 0] ",10.0 ,R ,N ,V ,X ,D ,H ,E ,M ,B ,A ,L ,O ,U ,S ,Y ,G ,I ,J ,K ,W ,F ,Z ,Q ,T ,P ,C ,A ,N ,Y ,K ,E ,H ,J ,U ,W ,C ,V ,D ,R ,  ,T ,G ,M ,O ,L ,F ,B ,P ,X ,I ,Q ,S ,0
RSVP_central_cue_between_letter_presentation ,69 ,7 , T1 ,14 ,"[-1, 0] ",3.0 ,B ,G ,C ,I ,N ,J ,P ,S ,K ,M ,V ,L ,U ,H ,E ,T ,Y ,A ,R ,W ,Q ,D ,Z ,F ,X ,O ,A ,S ,I ,B ,H ,W ,E ,Y ,C ,D ,R ,F ,V ,  ,G ,K ,M ,O ,Q ,U ,Z ,J ,T ,L ,P ,N ,0
RSVP_central_cue_between_letter_presentation ,70 ,7 , T1 ,6 ,"[1, 0] ",10.0 ,I ,G ,V ,L ,N ,E ,S ,T ,K ,C ,Y ,O ,Z ,D ,X ,Q ,P ,W ,F ,R ,A ,B ,M ,H ,J ,U ,Q ,V ,X ,W ,B ,  ,D ,K ,T ,E ,Y ,U ,G ,N ,P ,M ,R ,S ,C ,J ,A ,Z ,F ,O ,L ,I ,0
RSVP_central_cue_between_letter_presentation ,71 ,7 , T1 ,10 ,"[-1, 0] ",3.0 ,T ,H ,Y ,P ,G ,D ,Q ,A ,O ,R ,W ,Z ,K ,I ,L ,F ,E ,V ,X ,U ,N ,S ,M ,B ,J ,C ,M ,V ,Q ,D ,Z ,I ,A ,G ,H ,  ,R ,L ,T ,K ,Y ,X ,E ,S ,J ,O ,P ,B ,W ,F ,N ,C ,0
RSVP_central_cue_between_letter_presentation ,72 ,7 , T1 ,18 ,"[1, 0] ",10.0 ,A ,R ,F ,P ,H ,C ,J ,S ,K ,U ,Z ,O ,N ,W ,L ,X ,D ,Y ,I ,T ,V ,E ,M ,B ,G ,Q ,G ,Z ,A ,Y ,U ,H ,P ,K ,E ,L ,F ,J ,T ,R ,W ,V ,X ,  ,C ,D ,S ,Q ,O ,B ,M ,I ,0
RSVP_central_cue_between_letter_presentation ,73 ,7 , T1 ,10 ,"[-1, 0] ",3.0 ,Q ,S ,V ,Z ,Y ,E ,X ,U ,I ,W ,N ,G ,P ,A ,B ,L ,O ,T ,F ,H ,K ,D ,C ,R ,M ,J ,H ,K ,V ,A ,L ,G ,B ,W ,M ,  ,P ,U ,E ,O ,R ,D ,Y ,S ,F ,T ,I ,C ,Q ,Z ,X ,N ,0
RSVP_central_cue_between_letter_presentation ,74 ,7 , T1 ,6 ,"[-1, 0] ",3.0 ,G ,F ,W ,M ,Q ,S ,E ,C ,N ,O ,Y ,I ,V ,J ,Z ,K ,A ,H ,R ,D ,B ,T ,U ,P ,L ,X ,Q ,X ,D ,N ,E ,  ,I ,T ,R ,O ,A ,B ,U ,H ,J ,V ,W ,P ,M ,L ,Z ,Y ,S ,F ,C ,K ,0
RSVP_central_cue_between_letter_presentation ,75 ,7 , T1 ,6 ,"[-1, 0] ",3.0 ,J ,D ,P ,K ,M ,S ,U ,G ,C ,H ,I ,Y ,L ,R ,Q ,V ,A ,Z ,X ,N ,F ,T ,W ,E ,O ,B ,U ,C ,V ,M ,J ,  ,T ,W ,P ,F ,I ,H ,A ,B ,K ,X ,E ,S ,O ,Q ,R ,Z ,L ,Y ,N ,G ,0
RSVP_central_cue_between_letter_presentation ,76 ,7 , T1 ,14 ,"[-1, 0] ",3.0 ,Y ,S ,F ,R ,E ,W ,L ,B ,N ,D ,V ,C ,P ,M ,O ,T ,I ,Q ,U ,G ,J ,A ,Z ,X ,H ,K ,G ,D ,O ,M ,P ,L ,X ,Z ,Q ,B ,F ,V ,A ,  ,J ,R ,N ,I ,U ,C ,E ,H ,K ,T ,S ,Y ,0
RSVP_central_cue_between_letter_presentation ,77 ,7 , T1 ,6 ,"[1, 0] ",10.0 ,K ,N ,L ,T ,M ,Y ,D ,I ,O ,Z ,X ,P ,W ,S ,C ,F ,V ,A ,U ,J ,H ,Q ,G ,R ,B ,E ,E ,B ,A ,J ,T ,  ,G ,W ,R ,C ,V ,L ,I ,Z ,O ,Q ,H ,M ,X ,K ,S ,F ,D ,Y ,N ,U ,0
RSVP_central_cue_between_letter_presentation ,78 ,7 , T1 ,22 ,"[1, 0] ",10.0 ,E ,P ,H ,Q ,L ,C ,G ,A ,O ,I ,D ,B ,Z ,J ,N ,W ,Y ,K ,M ,F ,X ,S ,U ,V ,R ,T ,Y ,R ,F ,P ,B ,G ,S ,Z ,W ,E ,Q ,U ,V ,X ,I ,A ,T ,L ,H ,O ,J ,  ,D ,C ,M ,N ,0
RSVP_central_cue_between_letter_presentation ,79 ,7 , T1 ,6 ,"[-1, 0] ",3.0 ,B ,H ,L ,M ,X ,F ,A ,Y ,C ,P ,I ,T ,Q ,K ,V ,G ,O ,W ,S ,N ,J ,U ,E ,Z ,D ,R ,Y ,X ,D ,V ,I ,  ,N ,A ,W ,O ,C ,T ,U ,G ,J ,Q ,R ,S ,P ,E ,K ,H ,L ,Z ,F ,M ,1
RSVP_central_cue_between_letter_presentation ,80 ,7 , T1 ,22 ,"[1, 0] ",10.0 ,N ,Z ,E ,W ,C ,D ,Y ,J ,O ,P ,R ,X ,S ,G ,A ,K ,L ,M ,I ,V ,Q ,U ,F ,T ,B ,H ,I ,A ,U ,W ,S ,T ,R ,K ,Y ,J ,X ,C ,P ,F ,H ,G ,N ,Q ,V ,Z ,D ,  ,E ,L ,O ,M ,0
RSVP_central_cue_between_letter_presentation ,81 ,7 , T1 ,22 ,"[1, 0] ",3.0 ,Y ,H ,V ,M ,A ,X ,F ,N ,Q ,I ,P ,B ,U ,K ,Z ,D ,E ,O ,R ,G ,J ,T ,L ,S ,C ,W ,T ,C ,O ,I ,B ,G ,N ,D ,M ,P ,Z ,Q ,J ,S ,R ,X ,K ,Y ,A ,U ,V ,  ,F ,L ,H ,E ,0
RSVP_central_cue_between_letter_presentation ,82 ,7 , T1 ,22 ,"[1, 0] ",3.0 ,R ,L ,V ,F ,U ,N ,J ,T ,E ,H ,K ,D ,M ,Z ,A ,X ,C ,W ,G ,P ,Q ,B ,O ,Y ,S ,I ,K ,U ,X ,E ,B ,T ,O ,Y ,J ,D ,N ,V ,Z ,A ,W ,M ,C ,S ,P ,L ,R ,  ,H ,Q ,I ,F ,0
RSVP_central_cue_between_letter_presentation ,83 ,7 , T1 ,10 ,"[1, 0] ",10.0 ,I ,Z ,Y ,B ,R ,F ,H ,G ,N ,J ,Q ,K ,M ,W ,S ,U ,L ,T ,C ,V ,D ,O ,P ,E ,A ,X ,I ,F ,M ,P ,Y ,R ,K ,X ,O ,  ,J ,L ,Q ,W ,H ,Z ,B ,A ,S ,E ,T ,D ,N ,C ,V ,G ,0
RSVP_central_cue_between_letter_presentation ,84 ,7 , T1 ,14 ,"[1, 0] ",3.0 ,U ,R ,N ,B ,T ,X ,F ,M ,A ,L ,S ,I ,D ,V ,H ,Z ,O ,P ,Y ,G ,W ,C ,K ,E ,J ,Q ,C ,O ,E ,T ,Z ,H ,W ,R ,G ,K ,Q ,X ,D ,  ,F ,P ,A ,J ,L ,S ,B ,M ,I ,V ,U ,N ,0
RSVP_central_cue_between_letter_presentation ,85 ,7 , T1 ,6 ,"[1, 0] ",3.0 ,Q ,A ,D ,N ,E ,L ,M ,K ,Y ,P ,V ,B ,J ,U ,S ,Z ,O ,H ,I ,W ,F ,X ,R ,C ,T ,G ,G ,W ,Y ,S ,H ,  ,N ,U ,A ,X ,J ,P ,Z ,L ,F ,D ,B ,R ,I ,K ,V ,M ,C ,O ,Q ,T ,0
RSVP_central_cue_between_letter_presentation ,86 ,7 , T1 ,14 ,"[-1, 0] ",10.0 ,W ,U ,C ,K ,S ,E ,R ,X ,N ,O ,G ,H ,B ,Y ,A ,T ,M ,I ,P ,V ,J ,Q ,L ,F ,Z ,D ,Y ,Q ,K ,W ,M ,L ,E ,D ,F ,U ,J ,O ,C ,  ,X ,A ,B ,S ,I ,Z ,P ,N ,H ,V ,T ,R ,0
RSVP_central_cue_between_letter_presentation ,87 ,7 , T1 ,22 ,"[1, 0] ",3.0 ,I ,Y ,Z ,X ,A ,W ,Q ,E ,B ,P ,K ,C ,L ,H ,O ,R ,N ,D ,J ,U ,M ,V ,F ,T ,G ,S ,R ,Y ,C ,S ,I ,W ,D ,F ,E ,P ,M ,U ,T ,Z ,K ,H ,L ,X ,B ,Q ,V ,  ,G ,O ,N ,A ,0
RSVP_central_cue_between_letter_presentation ,88 ,7 , T1 ,6 ,"[-1, 0] ",3.0 ,E ,D ,Y ,B ,G ,T ,U ,S ,F ,M ,N ,Z ,Q ,A ,H ,L ,P ,W ,K ,J ,I ,V ,R ,O ,C ,X ,E ,A ,F ,R ,X ,  ,V ,I ,J ,O ,Z ,W ,K ,Q ,U ,M ,S ,B ,C ,T ,N ,G ,D ,P ,H ,L ,0
RSVP_central_cue_between_letter_presentation ,89 ,7 , T1 ,6 ,"[1, 0] ",10.0 ,H ,P ,Q ,E ,L ,T ,K ,G ,F ,W ,S ,I ,R ,O ,B ,M ,J ,A ,C ,D ,X ,Y ,N ,V ,U ,Z ,X ,A ,W ,Q ,S ,  ,M ,J ,R ,I ,T ,P ,Y ,G ,D ,U ,E ,V ,C ,N ,B ,Z ,F ,K ,O ,L ,0
RSVP_central_cue_between_letter_presentation ,90 ,7 , T1 ,10 ,"[1, 0] ",10.0 ,P ,Y ,A ,K ,E ,G ,O ,V ,U ,W ,M ,R ,H ,B ,Q ,D ,J ,L ,X ,T ,I ,S ,N ,Z ,C ,F ,B ,T ,H ,X ,E ,Z ,M ,Q ,S ,  ,R ,K ,P ,F ,C ,W ,L ,V ,Y ,I ,G ,O ,A ,U ,N ,J ,0
RSVP_central_cue_between_letter_presentation ,91 ,7 , T1 ,10 ,"[1, 0] ",3.0 ,T ,O ,L ,K ,M ,E ,N ,H ,P ,Q ,Y ,G ,I ,X ,A ,F ,U ,J ,Z ,B ,S ,V ,R ,C ,D ,W ,J ,N ,V ,K ,L ,P ,I ,A ,W ,  ,O ,T ,Z ,X ,C ,S ,H ,R ,U ,M ,Y ,E ,D ,G ,Q ,F ,0
RSVP_central_cue_between_letter_presentation ,92 ,7 , T1 ,6 ,"[1, 0] ",10.0 ,R ,A ,O ,W ,U ,H ,M ,I ,P ,T ,K ,V ,S ,N ,X ,J ,L ,E ,Q ,G ,D ,B ,Z ,F ,C ,Y ,F ,E ,X ,M ,G ,  ,R ,L ,S ,Q ,U ,W ,D ,V ,Z ,B ,O ,A ,J ,P ,H ,C ,T ,N ,I ,Y ,0
RSVP_central_cue_between_letter_presentation ,93 ,7 , T1 ,6 ,"[-1, 0] ",10.0 ,H ,P ,A ,L ,R ,W ,I ,G ,U ,F ,K ,S ,E ,C ,B ,T ,Q ,V ,N ,X ,Y ,M ,D ,J ,Z ,O ,C ,H ,O ,X ,P ,  ,Z ,G ,J ,S ,V ,L ,E ,D ,K ,I ,T ,F ,A ,Y ,Q ,M ,R ,B ,U ,W ,0
RSVP_central_cue_between_letter_presentation ,94 ,7 , T1 ,22 ,"[-1, 0] ",10.0 ,N ,B ,F ,X ,O ,E ,W ,V ,M ,K ,G ,A ,T ,J ,U ,I ,C ,R ,P ,L ,S ,D ,H ,Y ,Q ,Z ,F ,X ,Q ,D ,Z ,A ,T ,G ,J ,M ,E ,S ,K ,O ,Y ,H ,R ,C ,V ,N ,P ,  ,L ,I ,B ,U ,0
RSVP_central_cue_between_letter_presentation ,95 ,7 , T1 ,14 ,"[-1, 0] ",3.0 ,G ,N ,Z ,C ,I ,M ,W ,O ,H ,D ,Q ,T ,L ,X ,V ,F ,B ,U ,E ,A ,K ,S ,Y ,R ,J ,P ,T ,U ,C ,Z ,X ,F ,L ,S ,P ,W ,Q ,Y ,A ,  ,I ,B ,N ,R ,K ,H ,M ,O ,G ,V ,D ,E ,0
RSVP_central_cue_between_letter_presentation ,96 ,7 , T1 ,22 ,"[-1, 0] ",3.0 ,N ,L ,U ,C ,E ,Z ,M ,D ,K ,S ,P ,H ,I ,Y ,A ,X ,B ,J ,O ,V ,R ,Q ,G ,W ,T ,F ,W ,G ,J ,Q ,E ,S ,U ,B ,A ,H ,P ,T ,F ,C ,O ,M ,Z ,I ,X ,Y ,D ,  ,R ,K ,V ,L ,1
RSVP_central_cue_between_letter_presentation ,97 ,7 , T1 ,10 ,"[1, 0] ",3.0 ,K ,A ,V ,N ,T ,Q ,W ,I ,X ,E ,R ,C ,B ,Y ,F ,P ,M ,U ,L ,H ,O ,J ,S ,G ,Z ,D ,P ,I ,U ,S ,Q ,M ,G ,V ,C ,  ,W ,L ,D ,X ,O ,R ,F ,J ,Y ,N ,T ,B ,K ,E ,H ,A ,0
RSVP_central_cue_between_letter_presentation ,98 ,7 , T1 ,10 ,"[-1, 0] ",3.0 ,T ,C ,Z ,S ,L ,R ,K ,G ,H ,U ,V ,Q ,I ,B ,W ,P ,X ,A ,F ,N ,J ,M ,Y ,O ,D ,E ,G ,L ,Y ,I ,S ,T ,B ,P ,F ,  ,J ,K ,N ,V ,M ,W ,O ,E ,R ,A ,Q ,H ,X ,Z ,C ,U ,0
RSVP_central_cue_between_letter_presentation ,99 ,7 , T1 ,6 ,"[-1, 0] ",3.0 ,R ,M ,N ,I ,A ,Z ,C ,V ,H ,X ,F ,Q ,G ,D ,T ,O ,S ,Y ,L ,U ,W ,B ,E ,K ,J ,P ,U ,J ,K ,D ,Q ,  ,S ,C ,E ,A ,V ,B ,T ,I ,P ,Y ,H ,M ,X ,N ,W ,L ,G ,R ,Z ,F ,0
RSVP_central_cue_between_letter_presentation ,100 ,7 , T1 ,14 ,"[1, 0] ",3.0 ,C ,Q ,W ,U ,B ,V ,P ,F ,Y ,S ,K ,A ,I ,Z ,D ,J ,N ,L ,O ,H ,X ,E ,T ,G ,R ,M ,O ,T ,D ,V ,S ,C ,H ,N ,K ,M ,J ,Q ,Z ,  ,L ,A ,I ,W ,F ,R ,Y ,U ,E ,X ,P ,B ,0
RSVP_central_cue_between_letter_presentation ,101 ,7 , T1 ,10 ,"[-1, 0] ",10.0 ,L ,R ,M ,C ,G ,E ,V ,A ,T ,I ,F ,Q ,X ,N ,Z ,Y ,B ,W ,O ,S ,D ,P ,K ,H ,U ,J ,O ,D ,P ,X ,U ,Q ,A ,F ,Z ,  ,N ,R ,J ,E ,K ,L ,H ,V ,G ,M ,I ,Y ,T ,S ,C ,B ,0
RSVP_central_cue_between_letter_presentation ,102 ,7 , T1 ,14 ,"[1, 0] ",10.0 ,X ,W ,U ,B ,C ,P ,N ,Z ,J ,L ,H ,Y ,D ,I ,F ,A ,T ,V ,S ,M ,R ,Q ,E ,O ,K ,G ,D ,J ,Q ,L ,W ,B ,A ,Y ,Z ,N ,V ,P ,E ,  ,T ,H ,O ,G ,R ,S ,X ,C ,F ,M ,K ,U ,0
RSVP_central_cue_between_letter_presentation ,103 ,7 , T1 ,14 ,"[1, 0] ",10.0 ,L ,V ,W ,J ,Z ,A ,S ,I ,N ,T ,Q ,O ,H ,M ,K ,U ,R ,G ,C ,F ,E ,X ,D ,B ,P ,Y ,P ,E ,V ,Z ,O ,N ,X ,J ,L ,I ,R ,W ,B ,  ,F ,M ,G ,S ,T ,Y ,H ,C ,A ,U ,Q ,D ,0
RSVP_central_cue_between_letter_presentation ,104 ,7 , T1 ,10 ,"[-1, 0] ",3.0 ,S ,W ,D ,O ,B ,P ,Z ,K ,E ,C ,G ,R ,A ,J ,T ,F ,U ,H ,M ,Y ,Q ,N ,L ,V ,X ,I ,W ,F ,H ,U ,L ,N ,P ,I ,Q ,  ,D ,J ,Y ,Z ,C ,X ,B ,M ,A ,S ,O ,R ,T ,E ,V ,G ,0
RSVP_central_cue_between_letter_presentation ,105 ,7 , T1 ,10 ,"[-1, 0] ",10.0 ,I ,A ,Y ,J ,K ,H ,Z ,O ,M ,F ,G ,C ,L ,T ,P ,D ,Q ,E ,X ,N ,V ,B ,W ,U ,S ,R ,W ,B ,M ,U ,N ,F ,C ,Z ,T ,  ,I ,X ,K ,J ,P ,Q ,R ,D ,V ,O ,G ,A ,L ,E ,H ,S ,0
RSVP_central_cue_between_letter_presentation ,106 ,7 , T1 ,10 ,"[-1, 0] ",10.0 ,P ,V ,S ,O ,G ,R ,B ,T ,X ,J ,H ,Y ,I ,D ,Q ,K ,F ,M ,W ,Z ,A ,E ,L ,C ,U ,N ,K ,L ,Y ,H ,Q ,X ,W ,U ,D ,  ,C ,O ,R ,B ,S ,M ,A ,J ,F ,E ,V ,T ,P ,G ,I ,Z ,0
RSVP_central_cue_between_letter_presentation ,107 ,7 , T1 ,10 ,"[-1, 0] ",3.0 ,M ,U ,I ,S ,B ,K ,H ,Q ,D ,P ,A ,F ,C ,V ,W ,Z ,X ,L ,Y ,O ,R ,N ,J ,T ,G ,E ,J ,E ,H ,L ,Y ,R ,I ,G ,Z ,  ,M ,C ,N ,O ,Q ,V ,X ,A ,K ,B ,F ,D ,T ,U ,P ,S ,0
RSVP_central_cue_between_letter_presentation ,108 ,7 , T1 ,10 ,"[-1, 0] ",3.0 ,K ,P ,B ,S ,D ,I ,Z ,A ,C ,Q ,H ,Y ,U ,J ,N ,W ,F ,M ,T ,O ,X ,L ,E ,V ,R ,G ,Z ,X ,Y ,L ,S ,Q ,G ,H ,F ,  ,J ,T ,O ,C ,W ,K ,N ,E ,I ,R ,V ,B ,P ,A ,D ,M ,0
RSVP_central_cue_between_letter_presentation ,109 ,7 , T1 ,14 ,"[-1, 0] ",3.0 ,A ,J ,T ,N ,D ,X ,F ,C ,W ,Y ,V ,B ,G ,L ,P ,H ,U ,I ,R ,K ,O ,E ,M ,Z ,S ,Q ,S ,D ,Y ,U ,L ,H ,K ,V ,A ,X ,F ,B ,R ,  ,E ,I ,G ,M ,P ,J ,C ,Z ,W ,T ,Q ,O ,0
RSVP_central_cue_between_letter_presentation ,110 ,7 , T1 ,18 ,"[-1, 0] ",10.0 ,P ,O ,W ,A ,K ,Z ,I ,B ,S ,U ,F ,Y ,E ,H ,T ,V ,D ,L ,R ,J ,G ,M ,N ,C ,X ,Q ,W ,H ,M ,L ,F ,X ,D ,Y ,K ,S ,O ,A ,I ,J ,G ,B ,T ,  ,C ,Z ,R ,N ,U ,P ,E ,Q ,0
RSVP_central_cue_between_letter_presentation ,111 ,7 , T1 ,22 ,"[-1, 0] ",3.0 ,N ,W ,V ,G ,D ,H ,L ,O ,P ,K ,E ,J ,Z ,M ,F ,R ,B ,Y ,C ,I ,A ,U ,Q ,X ,T ,S ,J ,U ,A ,Q ,L ,O ,B ,M ,T ,V ,H ,P ,X ,G ,R ,C ,N ,S ,W ,I ,E ,  ,F ,D ,Z ,K ,0
RSVP_central_cue_between_letter_presentation ,112 ,7 , T1 ,10 ,"[1, 0] ",3.0 ,Y ,N ,L ,P ,O ,Z ,D ,Q ,T ,A ,H ,X ,S ,M ,R ,K ,E ,U ,B ,W ,V ,C ,F ,I ,J ,G ,W ,H ,O ,F ,A ,P ,N ,T ,S ,  ,K ,X ,Y ,R ,Z ,D ,Q ,G ,J ,E ,V ,M ,L ,C ,B ,I ,0
RSVP_central_cue_between_letter_presentation ,113 ,7 , T1 ,10 ,"[1, 0] ",3.0 ,R ,F ,O ,J ,M ,I ,Y ,C ,Q ,D ,X ,Z ,G ,W ,V ,B ,S ,T ,A ,P ,K ,U ,L ,H ,E ,N ,W ,Q ,T ,R ,Z ,H ,I ,P ,Y ,  ,X ,V ,J ,U ,F ,S ,L ,D ,M ,O ,A ,C ,G ,N ,E ,B ,0
RSVP_central_cue_between_letter_presentation ,114 ,7 , T1 ,22 ,"[1, 0] ",10.0 ,I ,K ,G ,L ,M ,D ,J ,H ,T ,P ,Z ,V ,F ,A ,Y ,E ,B ,S ,N ,X ,R ,Q ,O ,C ,U ,W ,T ,A ,F ,M ,O ,W ,G ,P ,D ,H ,E ,R ,L ,Q ,J ,C ,I ,S ,V ,Y ,U ,  ,X ,B ,K ,Z ,0
RSVP_central_cue_between_letter_presentation ,115 ,7 , T1 ,10 ,"[-1, 0] ",10.0 ,M ,Q ,X ,H ,T ,Y ,L ,B ,G ,K ,V ,U ,D ,P ,N ,E ,Z ,J ,I ,O ,A ,S ,R ,F ,C ,W ,Z ,Y ,S ,Q ,U ,J ,T ,C ,N ,  ,D ,R ,W ,P ,H ,I ,A ,B ,X ,G ,M ,O ,V ,K ,F ,L ,0
RSVP_central_cue_between_letter_presentation ,116 ,7 , T1 ,22 ,"[1, 0] ",10.0 ,J ,F ,S ,R ,C ,V ,P ,L ,B ,X ,U ,I ,M ,W ,K ,Y ,D ,Z ,G ,T ,A ,O ,E ,Q ,H ,N ,C ,Q ,B ,A ,L ,N ,Z ,S ,I ,O ,J ,H ,V ,F ,M ,T ,P ,Y ,U ,E ,X ,  ,D ,W ,G ,R ,0
RSVP_central_cue_between_letter_presentation ,117 ,7 , T1 ,10 ,"[-1, 0] ",3.0 ,M ,E ,X ,L ,Y ,I ,J ,T ,A ,K ,R ,D ,G ,U ,C ,Z ,Q ,B ,V ,S ,F ,N ,P ,W ,O ,H ,L ,C ,N ,X ,T ,W ,M ,J ,K ,  ,V ,R ,I ,B ,G ,H ,U ,S ,Z ,Y ,E ,P ,Q ,D ,F ,A ,0
RSVP_central_cue_between_letter_presentation ,118 ,7 , T1 ,6 ,"[1, 0] ",10.0 ,E ,F ,G ,Z ,M ,T ,Y ,S ,D ,L ,R ,A ,P ,K ,B ,Q ,H ,C ,X ,I ,V ,J ,U ,W ,O ,N ,F ,Y ,A ,T ,U ,  ,O ,P ,K ,Q ,W ,G ,E ,R ,N ,C ,H ,L ,B ,J ,Z ,S ,V ,M ,X ,D ,0
RSVP_central_cue_between_letter_presentation ,119 ,7 , T1 ,22 ,"[-1, 0] ",3.0 ,U ,Q ,S ,I ,Z ,G ,D ,B ,F ,H ,W ,X ,J ,N ,C ,P ,Y ,T ,K ,A ,O ,R ,V ,M ,L ,E ,Z ,K ,F ,E ,C ,N ,T ,P ,X ,L ,Q ,I ,Y ,S ,O ,V ,B ,D ,M ,R ,W ,  ,J ,G ,H ,A ,0
RSVP_central_cue_between_letter_presentation ,120 ,7 , T1 ,14 ,"[-1, 0] ",10.0 ,Z ,O ,U ,V ,T ,Y ,J ,M ,P ,L ,X ,W ,S ,B ,K ,R ,A ,G ,Q ,E ,H ,D ,I ,F ,C ,N ,Q ,D ,N ,L ,E ,M ,G ,J ,S ,C ,T ,O ,A ,  ,V ,P ,Y ,X ,W ,R ,I ,Z ,U ,B ,F ,K ,0
RSVP_central_cue_between_letter_presentation ,121 ,7 , T1 ,14 ,"[1, 0] ",3.0 ,M ,T ,U ,Q ,C ,R ,X ,S ,D ,F ,I ,L ,W ,N ,Z ,O ,K ,B ,E ,H ,A ,V ,P ,G ,Y ,J ,C ,J ,E ,T ,N ,W ,I ,M ,B ,X ,R ,K ,F ,  ,S ,A ,U ,Y ,G ,Z ,P ,Q ,D ,V ,H ,O ,0
RSVP_central_cue_between_letter_presentation ,122 ,7 , T1 ,22 ,"[1, 0] ",3.0 ,G ,J ,V ,M ,O ,B ,P ,R ,A ,Y ,E ,W ,S ,K ,C ,D ,H ,L ,I ,Z ,T ,N ,F ,Q ,X ,U ,R ,J ,V ,H ,E ,O ,Y ,U ,B ,Q ,P ,A ,S ,K ,Z ,L ,C ,N ,X ,I ,W ,  ,F ,M ,G ,T ,0
RSVP_central_cue_between_letter_presentation ,123 ,7 , T1 ,6 ,"[-1, 0] ",10.0 ,S ,K ,B ,A ,T ,J ,O ,W ,X ,C ,R ,N ,Y ,H ,D ,Q ,I ,P ,V ,M ,G ,L ,E ,F ,Z ,U ,I ,T ,L ,O ,P ,  ,J ,C ,E ,B ,H ,Y ,M ,S ,K ,A ,V ,W ,U ,F ,N ,R ,D ,Q ,G ,X ,0
RSVP_central_cue_between_letter_presentation ,124 ,7 , T1 ,22 ,"[1, 0] ",10.0 ,Z ,L ,T ,X ,A ,I ,S ,W ,F ,B ,N ,Y ,Q ,G ,H ,C ,E ,D ,K ,O ,V ,M ,J ,R ,P ,U ,L ,U ,V ,S ,N ,T ,I ,E ,D ,C ,O ,M ,X ,G ,K ,W ,Z ,H ,B ,J ,F ,  ,Y ,P ,R ,Q ,0
RSVP_central_cue_between_letter_presentation ,125 ,7 , T1 ,6 ,"[1, 0] ",10.0 ,X ,Q ,O ,C ,U ,J ,I ,A ,R ,G ,B ,F ,S ,L ,Z ,H ,E ,V ,D ,P ,M ,N ,K ,W ,T ,Y ,E ,C ,V ,D ,K ,  ,H ,A ,G ,R ,Z ,N ,Y ,X ,S ,F ,U ,B ,W ,P ,M ,Q ,I ,O ,L ,T ,0
RSVP_central_cue_between_letter_presentation ,126 ,7 , T1 ,10 ,"[1, 0] ",10.0 ,E ,R ,U ,C ,H ,J ,Y ,F ,Q ,N ,V ,A ,G ,B ,X ,T ,L ,P ,W ,Z ,D ,K ,S ,O ,M ,I ,V ,P ,O ,A ,B ,W ,H ,S ,L ,  ,X ,C ,Q ,T ,J ,U ,M ,N ,R ,E ,Y ,G ,K ,Z ,I ,F ,0
RSVP_central_cue_between_letter_presentation ,127 ,7 , T1 ,14 ,"[1, 0] ",3.0 ,I ,M ,D ,F ,J ,G ,R ,W ,N ,V ,S ,Z ,T ,H ,L ,A ,U ,B ,P ,Q ,E ,X ,O ,Y ,C ,K ,L ,A ,Z ,F ,G ,H ,W ,Y ,U ,R ,C ,K ,E ,  ,P ,V ,T ,N ,M ,B ,X ,S ,O ,I ,D ,Q ,0
RSVP_central_cue_between_letter_presentation ,128 ,7 , T1 ,10 ,"[-1, 0] ",3.0 ,Z ,W ,R ,Q ,S ,V ,K ,I ,N ,H ,F ,Y ,D ,J ,A ,T ,B ,U ,O ,X ,M ,C ,E ,G ,P ,L ,A ,B ,Q ,M ,U ,R ,J ,I ,X ,  ,F ,O ,D ,L ,V ,H ,Z ,N ,C ,Y ,T ,G ,K ,E ,W ,S ,0
RSVP_central_cue_between_letter_presentation ,129 ,7 , T1 ,18 ,"[1, 0] ",3.0 ,R ,P ,I ,V ,G ,Y ,B ,X ,S ,H ,F ,Z ,M ,W ,L ,N ,Q ,K ,O ,C ,E ,T ,D ,U ,J ,A ,K ,U ,V ,H ,L ,W ,A ,X ,R ,S ,C ,O ,Q ,N ,Z ,Y ,T ,  ,D ,G ,E ,J ,I ,P ,B ,M ,0
RSVP_central_cue_between_letter_presentation ,130 ,7 , T1 ,18 ,"[-1, 0] ",10.0 ,X ,H ,O ,V ,R ,U ,T ,L ,F ,A ,P ,W ,D ,M ,Y ,B ,Q ,S ,K ,Z ,J ,I ,N ,E ,G ,C ,M ,P ,W ,N ,T ,J ,R ,F ,A ,D ,Q ,L ,X ,C ,O ,B ,G ,  ,Y ,Z ,E ,I ,V ,H ,S ,U ,0
RSVP_central_cue_between_letter_presentation ,131 ,7 , T1 ,14 ,"[-1, 0] ",10.0 ,G ,R ,B ,X ,A ,K ,Y ,U ,W ,T ,P ,D ,S ,Z ,J ,E ,I ,F ,M ,C ,N ,O ,Q ,L ,V ,H ,P ,W ,Y ,X ,N ,Q ,I ,G ,O ,S ,M ,A ,K ,  ,R ,Z ,T ,J ,C ,H ,V ,D ,B ,L ,U ,E ,0
RSVP_central_cue_between_letter_presentation ,132 ,7 , T1 ,22 ,"[-1, 0] ",10.0 ,E ,K ,Q ,J ,G ,M ,C ,R ,X ,P ,V ,I ,U ,Y ,A ,L ,Z ,N ,F ,T ,W ,S ,H ,B ,O ,D ,Q ,V ,F ,W ,C ,I ,L ,Z ,M ,N ,J ,D ,X ,U ,S ,T ,O ,H ,P ,A ,Y ,  ,B ,R ,K ,E ,0
RSVP_central_cue_between_letter_presentation ,133 ,7 , T1 ,14 ,"[-1, 0] ",10.0 ,M ,U ,O ,B ,A ,W ,G ,Q ,R ,P ,X ,S ,H ,Y ,K ,V ,C ,T ,L ,F ,Z ,N ,E ,D ,J ,I ,G ,R ,D ,C ,W ,U ,K ,O ,X ,Z ,T ,I ,B ,  ,E ,L ,V ,Q ,A ,M ,Y ,H ,F ,N ,P ,J ,0
RSVP_central_cue_between_letter_presentation ,134 ,7 , T1 ,10 ,"[-1, 0] ",3.0 ,S ,N ,P ,M ,G ,X ,A ,K ,U ,B ,Z ,T ,D ,C ,W ,V ,H ,Q ,F ,Y ,O ,J ,I ,R ,E ,L ,V ,G ,M ,N ,F ,I ,A ,U ,B ,  ,L ,S ,Q ,D ,O ,W ,E ,T ,H ,Z ,R ,C ,K ,X ,Y ,P ,0
RSVP_central_cue_between_letter_presentation ,135 ,7 , T1 ,18 ,"[1, 0] ",10.0 ,V ,J ,W ,X ,P ,L ,Y ,B ,M ,F ,S ,G ,Q ,U ,K ,I ,Z ,A ,E ,N ,T ,R ,D ,C ,H ,O ,D ,E ,U ,R ,W ,M ,Q ,B ,F ,N ,L ,I ,X ,G ,O ,Y ,J ,  ,C ,S ,H ,P ,K ,Z ,A ,V ,0
RSVP_central_cue_between_letter_presentation ,136 ,7 , T1 ,22 ,"[-1, 0] ",10.0 ,Q ,P ,J ,F ,A ,U ,Z ,L ,T ,K ,O ,C ,D ,B ,X ,R ,E ,G ,N ,Y ,S ,I ,M ,W ,V ,H ,S ,K ,G ,T ,W ,O ,I ,D ,P ,X ,Y ,C ,H ,R ,V ,L ,E ,F ,M ,Z ,A ,  ,U ,J ,Q ,B ,0
RSVP_central_cue_between_letter_presentation ,137 ,7 , T1 ,18 ,"[-1, 0] ",3.0 ,B ,E ,N ,G ,T ,X ,Y ,Z ,I ,H ,F ,K ,Q ,R ,L ,O ,C ,J ,W ,D ,U ,M ,V ,P ,S ,A ,L ,F ,X ,Q ,E ,W ,R ,B ,D ,K ,T ,G ,C ,S ,A ,O ,Y ,  ,H ,V ,Z ,I ,M ,J ,P ,N ,0
RSVP_central_cue_between_letter_presentation ,138 ,7 , T1 ,10 ,"[1, 0] ",3.0 ,M ,D ,X ,O ,A ,S ,F ,Q ,J ,H ,C ,Y ,B ,E ,G ,L ,T ,U ,K ,V ,I ,N ,R ,P ,W ,Z ,M ,L ,D ,U ,S ,B ,N ,X ,Q ,  ,Z ,R ,H ,T ,K ,Y ,W ,I ,P ,J ,A ,E ,C ,V ,F ,G ,0
RSVP_central_cue_between_letter_presentation ,139 ,7 , T1 ,6 ,"[-1, 0] ",10.0 ,M ,I ,H ,V ,T ,W ,B ,O ,A ,K ,Y ,E ,Q ,D ,U ,R ,S ,L ,Z ,N ,F ,G ,C ,X ,P ,J ,I ,D ,L ,V ,N ,  ,P ,X ,Y ,G ,Q ,R ,A ,M ,W ,J ,U ,B ,O ,H ,K ,T ,C ,E ,S ,Z ,0
RSVP_central_cue_between_letter_presentation ,140 ,7 , T1 ,6 ,"[-1, 0] ",10.0 ,B ,H ,Y ,I ,Z ,A ,F ,T ,O ,U ,V ,Q ,X ,D ,W ,N ,K ,J ,G ,R ,S ,M ,C ,L ,P ,E ,X ,U ,S ,Y ,N ,  ,P ,J ,E ,O ,B ,Z ,L ,A ,M ,G ,H ,F ,V ,D ,T ,Q ,C ,W ,I ,K ,0
RSVP_central_cue_between_letter_presentation ,141 ,7 , T1 ,22 ,"[1, 0] ",3.0 ,O ,D ,K ,U ,L ,X ,A ,I ,G ,R ,B ,Y ,Q ,M ,H ,P ,F ,E ,S ,N ,C ,J ,V ,Z ,W ,T ,W ,D ,K ,I ,Y ,F ,T ,C ,G ,X ,B ,L ,E ,U ,O ,V ,H ,N ,M ,A ,Z ,  ,Q ,P ,S ,J ,0
RSVP_central_cue_between_letter_presentation ,142 ,7 , T1 ,6 ,"[1, 0] ",10.0 ,K ,Y ,M ,N ,H ,T ,I ,W ,L ,S ,G ,A ,V ,O ,E ,U ,Q ,P ,B ,X ,C ,F ,R ,D ,J ,Z ,U ,W ,K ,B ,Z ,  ,X ,T ,E ,H ,A ,Y ,C ,M ,P ,F ,R ,D ,O ,S ,L ,J ,V ,I ,N ,G ,0
RSVP_central_cue_between_letter_presentation ,143 ,7 , T1 ,18 ,"[1, 0] ",10.0 ,G ,F ,Q ,W ,Z ,E ,O ,P ,B ,A ,Y ,M ,D ,L ,T ,X ,J ,N ,C ,R ,K ,H ,S ,V ,I ,U ,H ,C ,A ,F ,Q ,V ,L ,X ,Z ,G ,J ,D ,N ,B ,I ,Y ,S ,  ,O ,M ,T ,P ,K ,R ,U ,E ,0
RSVP_central_cue_between_letter_presentation ,144 ,7 , T1 ,18 ,"[1, 0] ",3.0 ,D ,F ,O ,N ,H ,W ,M ,Q ,K ,S ,U ,V ,C ,E ,I ,Y ,T ,J ,B ,L ,X ,P ,G ,A ,Z ,R ,K ,Q ,D ,B ,F ,R ,A ,P ,M ,Y ,X ,T ,V ,Z ,J ,C ,U ,  ,H ,G ,S ,W ,L ,O ,N ,I ,0
RSVP_central_cue_between_letter_presentation ,145 ,7 , T1 ,6 ,"[1, 0] ",10.0 ,B ,I ,C ,A ,M ,G ,P ,L ,F ,J ,K ,Z ,S ,Y ,W ,T ,V ,O ,E ,H ,D ,N ,X ,U ,Q ,R ,V ,P ,A ,K ,L ,  ,X ,W ,D ,C ,I ,G ,O ,Z ,M ,R ,E ,T ,Q ,F ,B ,S ,U ,H ,N ,Y ,0
RSVP_central_cue_between_letter_presentation ,146 ,7 , T1 ,22 ,"[1, 0] ",10.0 ,Q ,T ,H ,S ,L ,C ,D ,P ,Y ,F ,V ,O ,E ,W ,G ,U ,B ,M ,K ,J ,Z ,X ,R ,A ,N ,I ,O ,C ,M ,B ,D ,H ,W ,F ,G ,V ,R ,A ,U ,Z ,L ,E ,I ,S ,P ,N ,Y ,  ,X ,K ,Q ,T ,0
RSVP_central_cue_between_letter_presentation ,147 ,7 , T1 ,10 ,"[1, 0] ",10.0 ,L ,J ,N ,Q ,A ,K ,X ,E ,T ,G ,Y ,M ,V ,D ,O ,S ,I ,C ,P ,U ,H ,W ,F ,R ,B ,Z ,Q ,L ,O ,G ,I ,H ,E ,A ,D ,  ,C ,S ,Y ,J ,N ,X ,T ,Z ,U ,R ,M ,V ,F ,W ,B ,K ,0
RSVP_central_cue_between_letter_presentation ,148 ,7 , T1 ,6 ,"[-1, 0] ",10.0 ,G ,N ,A ,L ,X ,Y ,S ,H ,E ,V ,Q ,P ,I ,O ,J ,U ,W ,D ,T ,K ,R ,Z ,B ,C ,M ,F ,L ,C ,G ,N ,E ,  ,M ,K ,P ,T ,A ,V ,Q ,I ,S ,B ,X ,U ,Z ,R ,J ,H ,O ,F ,Y ,W ,0
RSVP_central_cue_between_letter_presentation ,149 ,7 , T1 ,18 ,"[1, 0] ",3.0 ,W ,Z ,F ,V ,C ,U ,E ,R ,P ,L ,B ,M ,O ,X ,Y ,T ,D ,K ,H ,N ,G ,A ,I ,J ,Q ,S ,M ,N ,L ,H ,K ,J ,G ,O ,E ,Z ,W ,D ,X ,S ,I ,U ,C ,  ,F ,A ,R ,V ,Y ,P ,T ,Q ,0
RSVP_central_cue_between_letter_presentation ,150 ,7 , T1 ,14 ,"[-1, 0] ",3.0 ,J ,H ,G ,X ,W ,I ,C ,S ,R ,U ,D ,L ,F ,A ,K ,N ,Z ,P ,T ,Q ,Y ,E ,O ,V ,M ,B ,X ,J ,A ,V ,T ,L ,B ,O ,I ,U ,Y ,R ,G ,  ,P ,W ,N ,S ,Z ,D ,E ,F ,C ,H ,Q ,M ,0
RSVP_central_cue_between_letter_presentation ,151 ,7 , T1 ,10 ,"[-1, 0] ",3.0 ,L ,J ,X ,V ,K ,F ,N ,P ,Z ,I ,R ,M ,D ,E ,H ,G ,B ,O ,C ,T ,Q ,A ,U ,Y ,S ,W ,V ,A ,F ,Y ,Z ,S ,B ,G ,L ,  ,X ,E ,I ,Q ,K ,H ,T ,W ,N ,D ,M ,U ,P ,R ,J ,C ,0
RSVP_central_cue_between_letter_presentation ,152 ,7 , T1 ,14 ,"[-1, 0] ",3.0 ,U ,J ,E ,X ,H ,N ,F ,Q ,S ,A ,Z ,C ,W ,B ,V ,I ,T ,G ,O ,K ,P ,D ,M ,R ,L ,Y ,Y ,Z ,P ,U ,G ,V ,R ,J ,X ,S ,M ,L ,W ,  ,H ,Q ,F ,B ,C ,E ,D ,K ,N ,A ,O ,I ,0
RSVP_central_cue_between_letter_presentation ,153 ,7 , T1 ,18 ,"[1, 0] ",3.0 ,S ,I ,G ,B ,Z ,Y ,E ,K ,R ,P ,V ,M ,Q ,D ,H ,X ,O ,J ,L ,C ,U ,W ,F ,N ,A ,T ,Y ,N ,U ,M ,I ,O ,Z ,Q ,H ,C ,A ,V ,P ,X ,R ,S ,T ,  ,B ,G ,W ,D ,J ,K ,F ,E ,0
RSVP_central_cue_between_letter_presentation ,154 ,7 , T1 ,22 ,"[1, 0] ",3.0 ,P ,J ,U ,Y ,I ,R ,N ,M ,D ,Q ,W ,E ,X ,L ,F ,V ,O ,S ,C ,T ,B ,Z ,K ,G ,A ,H ,J ,L ,B ,G ,W ,C ,A ,F ,H ,V ,X ,U ,P ,K ,O ,E ,M ,S ,R ,Y ,Q ,  ,N ,D ,I ,Z ,0
RSVP_central_cue_between_letter_presentation ,155 ,7 , T1 ,6 ,"[1, 0] ",10.0 ,U ,C ,R ,D ,W ,M ,O ,V ,T ,I ,L ,S ,X ,A ,J ,N ,Y ,Z ,H ,B ,K ,E ,F ,Q ,P ,G ,F ,W ,V ,G ,C ,  ,O ,Z ,H ,T ,B ,A ,S ,K ,I ,N ,M ,J ,P ,R ,X ,D ,Q ,U ,L ,Y ,0
RSVP_central_cue_between_letter_presentation ,156 ,7 , T1 ,14 ,"[1, 0] ",3.0 ,F ,T ,N ,M ,H ,V ,W ,S ,G ,E ,Z ,A ,B ,X ,R ,P ,J ,I ,D ,Y ,C ,Q ,O ,K ,L ,U ,N ,G ,P ,A ,R ,F ,Y ,W ,J ,K ,Q ,E ,X ,  ,D ,S ,C ,Z ,U ,V ,T ,B ,I ,M ,O ,H ,0
RSVP_central_cue_between_letter_presentation ,157 ,7 , T1 ,18 ,"[-1, 0] ",10.0 ,F ,P ,T ,X ,A ,S ,M ,L ,U ,R ,Y ,H ,N ,J ,V ,I ,E ,C ,Z ,W ,K ,B ,G ,O ,Q ,D ,D ,M ,J ,A ,G ,E ,Q ,V ,C ,R ,W ,H ,U ,P ,S ,Z ,O ,  ,B ,I ,K ,Y ,T ,N ,X ,F ,0
RSVP_central_cue_between_letter_presentation ,158 ,7 , T1 ,6 ,"[-1, 0] ",3.0 ,I ,H ,X ,F ,J ,L ,N ,B ,A ,G ,V ,T ,Z ,W ,E ,O ,Y ,Q ,C ,D ,K ,U ,P ,R ,S ,M ,Q ,K ,B ,U ,G ,  ,E ,Z ,L ,T ,N ,M ,H ,J ,P ,X ,W ,I ,D ,S ,A ,R ,F ,Y ,O ,C ,0
RSVP_central_cue_between_letter_presentation ,159 ,7 , T1 ,18 ,"[-1, 0] ",10.0 ,A ,K ,V ,Y ,H ,U ,F ,C ,X ,I ,B ,W ,E ,O ,Z ,L ,D ,R ,Q ,S ,P ,T ,N ,J ,M ,G ,B ,D ,H ,A ,Y ,M ,K ,V ,X ,S ,R ,I ,P ,O ,N ,G ,F ,  ,U ,Q ,E ,W ,J ,Z ,L ,T ,0
RSVP_central_cue_between_letter_presentation ,160 ,7 , T1 ,14 ,"[1, 0] ",10.0 ,A ,X ,D ,E ,C ,P ,M ,Z ,O ,Q ,V ,Y ,F ,J ,N ,L ,H ,G ,I ,U ,W ,K ,R ,T ,S ,B ,L ,R ,P ,A ,K ,N ,E ,D ,O ,B ,G ,M ,S ,  ,Z ,F ,Y ,H ,U ,J ,W ,Q ,T ,I ,X ,V ,0
RSVP_central_cue_between_letter_presentation ,161 ,7 , T1 ,18 ,"[-1, 0] ",3.0 ,Z ,V ,J ,I ,C ,B ,D ,L ,K ,G ,Y ,U ,M ,A ,Q ,S ,R ,W ,T ,N ,E ,X ,F ,P ,O ,H ,U ,A ,D ,F ,V ,X ,O ,Q ,T ,G ,J ,R ,E ,L ,B ,N ,Z ,  ,I ,C ,S ,Y ,M ,H ,K ,W ,0
RSVP_central_cue_between_letter_presentation ,162 ,7 , T1 ,14 ,"[-1, 0] ",10.0 ,V ,J ,Q ,E ,K ,Y ,D ,H ,M ,B ,F ,N ,Z ,L ,A ,G ,W ,C ,I ,P ,R ,T ,U ,O ,X ,S ,B ,H ,T ,V ,K ,O ,S ,A ,F ,J ,R ,W ,U ,  ,L ,M ,N ,Q ,Y ,X ,I ,E ,C ,D ,P ,G ,0
RSVP_central_cue_between_letter_presentation ,163 ,7 , T1 ,6 ,"[-1, 0] ",3.0 ,T ,L ,S ,F ,C ,P ,I ,U ,E ,H ,A ,V ,J ,O ,R ,X ,K ,Q ,G ,Z ,W ,B ,Y ,M ,N ,D ,I ,P ,A ,L ,T ,  ,X ,S ,F ,Q ,G ,H ,M ,C ,W ,D ,O ,B ,Y ,U ,J ,N ,V ,Z ,K ,E ,1
RSVP_central_cue_between_letter_presentation ,164 ,7 , T1 ,14 ,"[-1, 0] ",3.0 ,A ,H ,G ,Y ,X ,O ,W ,Q ,C ,B ,S ,F ,I ,D ,U ,V ,K ,R ,P ,Z ,E ,J ,T ,M ,N ,L ,W ,H ,C ,G ,K ,L ,I ,D ,U ,Q ,V ,E ,F ,  ,N ,M ,S ,X ,J ,T ,Y ,Z ,O ,R ,P ,B ,0
RSVP_central_cue_between_letter_presentation ,165 ,7 , T1 ,14 ,"[-1, 0] ",3.0 ,R ,U ,Q ,G ,X ,Y ,C ,P ,A ,E ,B ,D ,F ,M ,T ,J ,L ,S ,O ,K ,N ,I ,H ,W ,V ,Z ,G ,Q ,V ,J ,C ,R ,M ,O ,Z ,B ,F ,P ,U ,  ,D ,Y ,E ,A ,T ,H ,N ,I ,W ,K ,S ,X ,0
RSVP_central_cue_between_letter_presentation ,166 ,7 , T1 ,18 ,"[1, 0] ",3.0 ,M ,F ,B ,A ,W ,V ,Y ,H ,P ,O ,Q ,N ,I ,Z ,R ,E ,K ,C ,L ,S ,T ,D ,U ,J ,G ,X ,E ,X ,K ,N ,Y ,P ,O ,D ,L ,G ,T ,I ,U ,Q ,V ,W ,S ,  ,F ,R ,J ,H ,M ,C ,A ,B ,0
RSVP_central_cue_between_letter_presentation ,167 ,7 , T1 ,14 ,"[1, 0] ",10.0 ,X ,U ,Y ,B ,P ,R ,K ,O ,J ,V ,F ,D ,T ,N ,I ,C ,Z ,A ,Q ,G ,H ,L ,W ,S ,E ,M ,Y ,K ,S ,Q ,A ,I ,L ,O ,D ,P ,Z ,B ,G ,  ,J ,N ,R ,W ,M ,T ,V ,E ,U ,H ,C ,X ,0
RSVP_central_cue_between_letter_presentation ,168 ,7 , T1 ,6 ,"[1, 0] ",3.0 ,D ,K ,R ,B ,O ,A ,W ,S ,E ,P ,N ,J ,L ,G ,Q ,Y ,Z ,X ,H ,I ,T ,F ,V ,U ,C ,M ,O ,M ,R ,A ,D ,  ,F ,S ,Q ,X ,L ,W ,T ,K ,G ,J ,H ,I ,V ,Z ,Y ,P ,C ,E ,B ,U ,0
RSVP_central_cue_between_letter_presentation ,169 ,7 , T1 ,6 ,"[1, 0] ",3.0 ,W ,G ,V ,J ,P ,D ,Z ,K ,X ,N ,H ,M ,E ,C ,Q ,O ,S ,R ,Y ,T ,L ,I ,A ,U ,B ,F ,A ,H ,K ,Y ,T ,  ,W ,R ,M ,X ,G ,F ,O ,E ,J ,Z ,N ,V ,Q ,C ,U ,L ,B ,S ,I ,D ,0
RSVP_central_cue_between_letter_presentation ,170 ,7 , T1 ,14 ,"[1, 0] ",10.0 ,D ,N ,E ,O ,L ,H ,P ,Y ,J ,R ,T ,M ,W ,K ,B ,Q ,U ,X ,A ,S ,G ,Z ,I ,V ,F ,C ,M ,A ,T ,R ,U ,E ,P ,D ,I ,Z ,V ,C ,K ,  ,J ,W ,Y ,S ,N ,O ,B ,X ,Q ,L ,H ,F ,0
RSVP_central_cue_between_letter_presentation ,171 ,7 , T1 ,18 ,"[1, 0] ",3.0 ,B ,E ,J ,K ,I ,Z ,F ,X ,S ,N ,D ,T ,U ,Y ,H ,G ,W ,L ,V ,Q ,A ,P ,C ,O ,M ,R ,Q ,W ,R ,O ,G ,M ,H ,L ,Z ,S ,C ,N ,K ,I ,B ,J ,U ,  ,X ,A ,F ,E ,T ,D ,P ,Y ,0
RSVP_central_cue_between_letter_presentation ,172 ,7 , T1 ,6 ,"[1, 0] ",10.0 ,M ,L ,Y ,W ,P ,N ,B ,O ,C ,T ,K ,S ,Z ,R ,G ,U ,F ,J ,I ,Q ,D ,E ,H ,X ,V ,A ,W ,Q ,U ,P ,E ,  ,O ,V ,C ,M ,K ,G ,L ,I ,Y ,H ,Z ,R ,A ,B ,T ,J ,S ,X ,F ,D ,0
RSVP_central_cue_between_letter_presentation ,173 ,7 , T1 ,18 ,"[1, 0] ",10.0 ,W ,B ,R ,N ,Q ,O ,P ,E ,C ,V ,L ,M ,K ,I ,F ,Y ,G ,D ,T ,H ,A ,J ,Z ,S ,U ,X ,W ,N ,K ,L ,E ,C ,M ,H ,J ,T ,G ,O ,P ,Q ,D ,I ,Z ,  ,B ,U ,A ,Y ,R ,V ,X ,S ,0
RSVP_central_cue_between_letter_presentation ,174 ,7 , T1 ,6 ,"[1, 0] ",3.0 ,H ,Q ,L ,J ,G ,C ,S ,X ,R ,I ,U ,N ,A ,K ,M ,V ,F ,W ,D ,P ,B ,T ,Y ,O ,E ,Z ,U ,K ,V ,T ,F ,  ,G ,Y ,H ,S ,R ,A ,O ,L ,I ,M ,P ,N ,E ,W ,Q ,C ,J ,D ,X ,Z ,0
RSVP_central_cue_between_letter_presentation ,175 ,7 , T1 ,6 ,"[-1, 0] ",3.0 ,Y ,P ,M ,E ,N ,K ,S ,C ,D ,Q ,I ,F ,U ,W ,Z ,L ,H ,J ,V ,R ,O ,G ,T ,B ,X ,A ,Q ,P ,O ,L ,X ,  ,H ,Y ,U ,K ,Z ,T ,W ,G ,E ,B ,M ,R ,V ,S ,N ,I ,C ,J ,F ,D ,0
RSVP_central_cue_between_letter_presentation ,176 ,7 , T1 ,18 ,"[-1, 0] ",3.0 ,I ,D ,U ,K ,L ,F ,C ,E ,A ,V ,B ,P ,O ,Y ,R ,T ,M ,S ,X ,J ,G ,H ,Q ,Z ,W ,N ,B ,J ,X ,O ,R ,F ,H ,Q ,K ,D ,T ,P ,U ,I ,C ,Z ,S ,  ,Y ,A ,G ,N ,E ,V ,L ,M ,0
RSVP_central_cue_between_letter_presentation ,177 ,7 , T1 ,14 ,"[-1, 0] ",10.0 ,G ,H ,P ,S ,B ,N ,R ,V ,U ,K ,D ,Y ,I ,M ,O ,E ,J ,L ,X ,Q ,F ,Z ,C ,A ,T ,W ,V ,E ,C ,L ,K ,N ,G ,Y ,O ,P ,U ,F ,H ,  ,A ,X ,T ,B ,Z ,I ,W ,M ,R ,D ,J ,S ,0
RSVP_central_cue_between_letter_presentation ,178 ,7 , T1 ,22 ,"[-1, 0] ",10.0 ,O ,K ,F ,C ,T ,B ,R ,E ,L ,Q ,H ,M ,V ,X ,G ,W ,U ,D ,S ,J ,A ,Z ,Y ,I ,P ,N ,A ,B ,Q ,V ,P ,K ,S ,F ,U ,D ,C ,Z ,E ,J ,O ,I ,R ,G ,T ,N ,W ,  ,H ,M ,Y ,X ,0
RSVP_central_cue_between_letter_presentation ,179 ,7 , T1 ,22 ,"[1, 0] ",3.0 ,E ,P ,M ,G ,K ,A ,O ,T ,C ,U ,Q ,H ,D ,Y ,Z ,V ,S ,I ,B ,L ,X ,F ,N ,J ,R ,W ,L ,K ,V ,P ,C ,G ,R ,Q ,F ,M ,N ,X ,Y ,H ,U ,D ,S ,Z ,J ,A ,E ,  ,I ,W ,T ,O ,0
RSVP_central_cue_between_letter_presentation ,180 ,7 , T1 ,6 ,"[1, 0] ",3.0 ,B ,F ,W ,C ,I ,Q ,M ,D ,V ,H ,T ,Z ,Y ,E ,S ,G ,A ,R ,P ,X ,J ,O ,N ,L ,U ,K ,W ,G ,B ,H ,V ,  ,F ,O ,J ,P ,A ,M ,Q ,D ,S ,T ,L ,Y ,N ,X ,E ,K ,R ,U ,C ,I ,0
RSVP_central_cue_between_letter_presentation ,181 ,7 , T1 ,18 ,"[-1, 0] ",10.0 ,D ,X ,F ,J ,I ,H ,O ,L ,Z ,A ,R ,P ,T ,N ,B ,K ,V ,Y ,Q ,U ,M ,S ,G ,E ,C ,W ,B ,E ,T ,A ,Z ,I ,L ,R ,Y ,V ,S ,O ,M ,U ,N ,F ,J ,  ,H ,W ,D ,Q ,G ,P ,X ,K ,1
RSVP_central_cue_between_letter_presentation ,182 ,7 , T1 ,18 ,"[-1, 0] ",10.0 ,D ,W ,L ,I ,M ,S ,B ,N ,Z ,Y ,Q ,K ,U ,O ,P ,G ,A ,T ,C ,R ,F ,H ,J ,V ,X ,E ,J ,U ,D ,Z ,Y ,I ,H ,O ,Q ,C ,R ,P ,E ,T ,G ,W ,S ,  ,V ,N ,K ,A ,B ,X ,L ,F ,0
RSVP_central_cue_between_letter_presentation ,183 ,7 , T1 ,18 ,"[1, 0] ",3.0 ,O ,C ,X ,M ,L ,W ,H ,Y ,Q ,A ,F ,T ,P ,Z ,E ,G ,R ,K ,N ,U ,S ,J ,I ,D ,V ,B ,D ,J ,P ,X ,V ,L ,M ,A ,Y ,E ,I ,S ,B ,H ,Z ,F ,T ,  ,R ,O ,U ,G ,Q ,K ,C ,W ,0
RSVP_central_cue_between_letter_presentation ,184 ,7 , T1 ,14 ,"[1, 0] ",3.0 ,Z ,A ,K ,Y ,H ,N ,O ,E ,S ,B ,T ,C ,J ,W ,G ,F ,P ,X ,U ,V ,R ,D ,M ,I ,L ,Q ,K ,H ,P ,U ,J ,O ,D ,V ,F ,Y ,G ,I ,A ,  ,N ,M ,Z ,B ,E ,Q ,C ,R ,T ,X ,W ,S ,0
RSVP_central_cue_between_letter_presentation ,185 ,7 , T1 ,18 ,"[-1, 0] ",10.0 ,S ,R ,T ,L ,J ,H ,N ,E ,V ,K ,Z ,A ,U ,W ,D ,M ,I ,P ,C ,Y ,O ,X ,Q ,B ,F ,G ,X ,C ,J ,S ,R ,Q ,N ,D ,M ,O ,I ,W ,L ,K ,Z ,P ,Y ,  ,E ,A ,B ,T ,F ,U ,H ,V ,0
RSVP_central_cue_between_letter_presentation ,186 ,7 , T1 ,18 ,"[-1, 0] ",3.0 ,G ,Q ,B ,V ,Y ,K ,E ,D ,P ,W ,N ,C ,M ,T ,Z ,R ,I ,A ,H ,F ,U ,X ,S ,J ,O ,L ,B ,I ,Z ,X ,J ,R ,H ,D ,K ,Q ,N ,L ,F ,P ,U ,A ,G ,  ,Y ,M ,V ,E ,W ,C ,O ,T ,0
RSVP_central_cue_between_letter_presentation ,187 ,7 , T1 ,14 ,"[-1, 0] ",3.0 ,I ,K ,O ,M ,L ,Z ,R ,B ,J ,P ,W ,Q ,H ,U ,E ,C ,F ,T ,Y ,G ,N ,S ,A ,D ,V ,X ,K ,S ,C ,G ,D ,E ,M ,X ,H ,P ,L ,O ,B ,  ,U ,N ,Z ,J ,W ,Y ,V ,Q ,R ,T ,I ,F ,0
RSVP_central_cue_between_letter_presentation ,188 ,7 , T1 ,6 ,"[-1, 0] ",10.0 ,Z ,Y ,T ,K ,U ,R ,P ,S ,X ,L ,I ,F ,G ,Q ,M ,E ,C ,H ,B ,D ,V ,O ,N ,W ,J ,A ,G ,N ,O ,T ,S ,  ,X ,J ,L ,B ,E ,U ,A ,W ,M ,Q ,C ,R ,F ,Z ,K ,H ,V ,I ,D ,Y ,0
RSVP_central_cue_between_letter_presentation ,189 ,7 , T1 ,18 ,"[-1, 0] ",10.0 ,N ,S ,E ,J ,O ,M ,Y ,W ,R ,U ,Q ,C ,I ,A ,D ,V ,K ,G ,P ,T ,X ,F ,B ,L ,Z ,H ,Q ,W ,V ,I ,K ,J ,M ,U ,O ,B ,F ,P ,R ,L ,X ,S ,D ,  ,E ,Y ,C ,Z ,T ,A ,G ,N ,0
RSVP_central_cue_between_letter_presentation ,190 ,7 , T1 ,18 ,"[-1, 0] ",3.0 ,K ,O ,B ,U ,S ,E ,J ,N ,H ,X ,C ,Q ,A ,D ,L ,I ,Y ,P ,W ,F ,R ,G ,V ,Z ,M ,T ,G ,X ,P ,C ,E ,D ,H ,Z ,S ,Q ,Y ,W ,K ,I ,N ,F ,R ,  ,J ,B ,A ,U ,M ,V ,O ,L ,0
RSVP_central_cue_between_letter_presentation ,191 ,7 , T1 ,10 ,"[-1, 0] ",10.0 ,T ,E ,Y ,G ,M ,I ,U ,L ,Z ,X ,R ,J ,V ,D ,B ,C ,A ,W ,S ,P ,N ,O ,H ,K ,F ,Q ,P ,C ,F ,J ,U ,Y ,A ,V ,I ,  ,L ,N ,G ,D ,S ,M ,O ,H ,K ,T ,B ,E ,W ,Z ,X ,R ,0
RSVP_central_cue_between_letter_presentation ,192 ,7 , T1 ,22 ,"[-1, 0] ",10.0 ,E ,K ,D ,T ,V ,B ,O ,F ,C ,P ,N ,R ,M ,Q ,X ,I ,H ,L ,A ,W ,J ,Y ,G ,Z ,S ,U ,A ,D ,Y ,K ,S ,B ,P ,L ,C ,W ,H ,U ,G ,M ,Z ,O ,X ,E ,V ,R ,F ,  ,N ,Q ,T ,J ,0
RSVP_central_cue_between_letter_presentation ,193 ,7 , T1 ,6 ,"[-1, 0] ",10.0 ,H ,D ,O ,R ,M ,N ,J ,K ,S ,P ,G ,E ,Q ,F ,B ,C ,L ,A ,Y ,X ,T ,I ,Z ,U ,V ,W ,R ,L ,C ,J ,I ,  ,K ,H ,Q ,M ,D ,G ,O ,W ,P ,A ,T ,F ,X ,Y ,B ,V ,E ,Z ,U ,N ,0
RSVP_central_cue_between_letter_presentation ,194 ,7 , T1 ,14 ,"[-1, 0] ",10.0 ,W ,E ,B ,T ,Y ,N ,S ,Z ,O ,U ,R ,G ,C ,L ,F ,I ,P ,D ,J ,K ,X ,V ,H ,A ,M ,Q ,C ,R ,A ,T ,Z ,O ,J ,W ,U ,M ,H ,K ,B ,  ,E ,N ,D ,X ,F ,V ,Y ,P ,Q ,L ,I ,G ,0
RSVP_central_cue_between_letter_presentation ,195 ,7 , T1 ,22 ,"[-1, 0] ",3.0 ,X ,V ,F ,R ,J ,U ,M ,Q ,S ,G ,Z ,T ,N ,A ,W ,B ,P ,C ,L ,H ,K ,O ,I ,E ,D ,Y ,G ,J ,O ,Q ,V ,E ,H ,A ,I ,C ,N ,P ,X ,B ,Z ,L ,K ,F ,S ,W ,T ,  ,Y ,D ,U ,R ,0
RSVP_central_cue_between_letter_presentation ,196 ,7 , T1 ,6 ,"[-1, 0] ",10.0 ,I ,G ,F ,Q ,U ,O ,L ,S ,A ,T ,H ,Y ,P ,K ,D ,X ,E ,N ,R ,B ,C ,Z ,M ,J ,V ,W ,C ,G ,O ,J ,H ,  ,B ,T ,K ,E ,D ,V ,A ,W ,S ,I ,R ,X ,Q ,Y ,L ,Z ,F ,P ,U ,N ,0
RSVP_central_cue_between_letter_presentation ,197 ,7 , T1 ,22 ,"[1, 0] ",3.0 ,U ,F ,M ,H ,J ,N ,G ,Q ,L ,R ,Z ,O ,X ,T ,E ,Y ,I ,P ,D ,C ,S ,V ,K ,A ,B ,W ,I ,J ,Y ,B ,A ,D ,C ,S ,U ,G ,W ,P ,X ,N ,L ,O ,R ,Q ,T ,E ,K ,  ,V ,H ,F ,M ,0
RSVP_central_cue_between_letter_presentation ,198 ,7 , T1 ,22 ,"[-1, 0] ",10.0 ,H ,U ,C ,V ,X ,F ,R ,P ,B ,W ,D ,A ,O ,Y ,E ,N ,L ,Z ,G ,S ,J ,I ,M ,Q ,T ,K ,C ,L ,U ,S ,V ,I ,K ,G ,F ,R ,B ,O ,J ,W ,Q ,T ,A ,P ,E ,M ,D ,  ,X ,Z ,Y ,N ,0
RSVP_central_cue_between_letter_presentation ,199 ,7 , T1 ,6 ,"[1, 0] ",3.0 ,C ,G ,Q ,W ,I ,V ,J ,E ,H ,X ,Z ,T ,O ,U ,N ,D ,A ,F ,Y ,K ,P ,M ,B ,S ,R ,L ,P ,T ,V ,I ,X ,  ,L ,D ,Z ,Q ,E ,U ,O ,K ,Y ,R ,C ,N ,M ,S ,H ,B ,G ,F ,W ,J ,0
RSVP_central_cue_between_letter_presentation ,200 ,7 , T1 ,22 ,"[-1, 0] ",3.0 ,N ,H ,V ,J ,E ,I ,M ,F ,T ,G ,O ,Y ,U ,P ,S ,R ,A ,C ,L ,D ,X ,Z ,Q ,W ,B ,K ,B ,H ,L ,A ,R ,W ,Z ,U ,Q ,O ,X ,K ,I ,T ,V ,F ,N ,M ,P ,S ,D ,  ,C ,G ,E ,Y ,0
RSVP_central_cue_between_letter_presentation ,201 ,7 , T1 ,14 ,"[1, 0] ",3.0 ,S ,R ,L ,H ,D ,U ,Q ,Y ,N ,M ,J ,A ,T ,E ,Z ,G ,F ,O ,W ,P ,I ,K ,C ,V ,B ,X ,S ,Y ,J ,T ,A ,R ,N ,X ,Q ,C ,L ,W ,D ,  ,E ,P ,F ,V ,I ,G ,Z ,K ,H ,U ,O ,B ,0
RSVP_central_cue_between_letter_presentation ,202 ,7 , T1 ,22 ,"[1, 0] ",3.0 ,T ,C ,B ,Y ,S ,F ,I ,U ,A ,G ,K ,J ,O ,M ,N ,Q ,L ,D ,Z ,R ,V ,X ,E ,H ,P ,W ,A ,Q ,D ,O ,X ,I ,V ,H ,R ,Y ,B ,T ,C ,M ,F ,K ,E ,U ,J ,S ,W ,  ,Z ,L ,N ,P ,0
RSVP_central_cue_between_letter_presentation ,203 ,7 , T1 ,22 ,"[-1, 0] ",10.0 ,R ,V ,W ,E ,L ,U ,M ,A ,B ,P ,Q ,J ,Z ,K ,N ,I ,O ,H ,F ,X ,G ,T ,Y ,C ,D ,S ,G ,U ,Z ,N ,A ,F ,Y ,E ,H ,Q ,T ,C ,L ,X ,S ,W ,M ,I ,R ,V ,D ,  ,B ,J ,O ,P ,0
RSVP_central_cue_between_letter_presentation ,204 ,7 , T1 ,18 ,"[1, 0] ",10.0 ,L ,P ,I ,Z ,U ,Y ,N ,K ,J ,D ,G ,C ,H ,W ,M ,R ,B ,T ,Q ,S ,E ,F ,A ,V ,X ,O ,W ,Z ,L ,G ,Q ,Y ,P ,A ,R ,K ,U ,N ,X ,O ,S ,V ,B ,  ,H ,C ,J ,E ,T ,D ,M ,F ,0
RSVP_central_cue_between_letter_presentation ,205 ,7 , T1 ,22 ,"[1, 0] ",3.0 ,J ,B ,S ,Q ,N ,V ,P ,U ,O ,G ,X ,F ,M ,E ,T ,A ,Y ,W ,I ,D ,H ,R ,C ,K ,Z ,L ,Y ,N ,U ,D ,E ,P ,M ,J ,V ,F ,Q ,I ,K ,R ,H ,B ,T ,O ,W ,C ,G ,  ,X ,S ,L ,Z ,0
RSVP_central_cue_between_letter_presentation ,206 ,7 , T1 ,10 ,"[1, 0] ",3.0 ,F ,X ,U ,B ,O ,H ,K ,V ,C ,D ,J ,P ,G ,A ,E ,Z ,S ,Y ,T ,W ,L ,Q ,N ,R ,I ,M ,P ,I ,H ,V ,E ,L ,D ,B ,Y ,  ,R ,A ,W ,Z ,F ,M ,Q ,O ,C ,X ,S ,T ,K ,U ,J ,N ,0
RSVP_central_cue_between_letter_presentation ,207 ,7 , T1 ,10 ,"[-1, 0] ",10.0 ,A ,L ,G ,F ,I ,N ,C ,K ,X ,D ,W ,R ,T ,E ,Q ,U ,M ,Z ,S ,J ,O ,V ,P ,H ,Y ,B ,P ,U ,M ,F ,K ,T ,Z ,L ,X ,  ,H ,W ,D ,B ,Y ,C ,J ,A ,V ,O ,I ,G ,Q ,E ,R ,N ,0
RSVP_central_cue_between_letter_presentation ,208 ,7 , T1 ,10 ,"[-1, 0] ",3.0 ,E ,B ,G ,O ,M ,I ,X ,T ,N ,F ,P ,V ,Y ,D ,Q ,C ,Z ,W ,R ,H ,K ,U ,S ,J ,L ,A ,J ,Q ,D ,A ,O ,B ,X ,V ,H ,  ,P ,G ,N ,U ,R ,E ,Y ,F ,M ,Z ,S ,T ,C ,I ,W ,K ,0
RSVP_central_cue_between_letter_presentation ,209 ,7 , T1 ,6 ,"[-1, 0] ",10.0 ,L ,E ,V ,R ,G ,I ,B ,J ,D ,W ,C ,M ,Q ,K ,Y ,S ,U ,H ,Z ,O ,F ,T ,X ,P ,N ,A ,M ,D ,G ,Y ,I ,  ,V ,K ,A ,P ,U ,Q ,Z ,R ,T ,L ,C ,W ,H ,F ,S ,J ,X ,N ,E ,O ,0
RSVP_central_cue_between_letter_presentation ,210 ,7 , T1 ,14 ,"[-1, 0] ",10.0 ,U ,B ,V ,S ,T ,D ,H ,X ,C ,W ,P ,J ,O ,I ,Q ,L ,Z ,G ,K ,A ,M ,Y ,F ,N ,R ,E ,M ,U ,O ,T ,Q ,Z ,S ,K ,J ,I ,H ,G ,F ,  ,C ,E ,B ,A ,R ,N ,P ,V ,Y ,D ,L ,X ,0
RSVP_central_cue_between_letter_presentation ,211 ,7 , T1 ,14 ,"[1, 0] ",3.0 ,Y ,M ,R ,C ,N ,T ,Q ,H ,O ,I ,L ,G ,Z ,J ,X ,K ,E ,V ,P ,B ,U ,D ,S ,F ,A ,W ,N ,C ,Y ,G ,L ,W ,P ,S ,M ,I ,Q ,U ,O ,  ,J ,B ,H ,D ,T ,X ,K ,Z ,V ,A ,E ,R ,0
RSVP_central_cue_between_letter_presentation ,212 ,7 , T1 ,14 ,"[-1, 0] ",3.0 ,J ,X ,T ,K ,F ,R ,S ,C ,E ,U ,W ,D ,O ,Y ,P ,N ,I ,H ,Z ,V ,M ,A ,B ,Q ,G ,L ,Y ,L ,V ,U ,I ,H ,B ,D ,G ,K ,W ,C ,E ,  ,P ,R ,S ,J ,A ,Z ,X ,T ,F ,M ,Q ,N ,0
RSVP_central_cue_between_letter_presentation ,213 ,7 , T1 ,18 ,"[-1, 0] ",10.0 ,X ,Q ,A ,B ,E ,R ,W ,L ,T ,U ,M ,Y ,O ,V ,H ,Z ,S ,K ,F ,I ,D ,C ,N ,J ,G ,P ,F ,I ,V ,W ,O ,X ,C ,Z ,U ,M ,P ,H ,K ,S ,N ,G ,D ,  ,B ,E ,J ,R ,Y ,L ,T ,Q ,0
RSVP_central_cue_between_letter_presentation ,214 ,7 , T1 ,14 ,"[1, 0] ",10.0 ,Z ,I ,U ,H ,G ,A ,L ,F ,Q ,D ,V ,B ,T ,W ,K ,J ,C ,N ,P ,M ,X ,R ,O ,Y ,E ,S ,K ,H ,L ,X ,C ,W ,A ,P ,S ,M ,Z ,G ,F ,  ,E ,N ,Q ,I ,Y ,O ,B ,J ,U ,T ,R ,V ,0
RSVP_central_cue_between_letter_presentation ,215 ,7 , T1 ,6 ,"[1, 0] ",3.0 ,Q ,J ,N ,Y ,L ,W ,B ,O ,G ,D ,Z ,P ,K ,U ,R ,F ,C ,T ,V ,S ,E ,H ,I ,M ,X ,A ,I ,A ,Q ,Z ,O ,  ,F ,P ,G ,U ,B ,R ,T ,N ,W ,V ,E ,S ,X ,L ,D ,J ,Y ,M ,C ,K ,1
RSVP_central_cue_between_letter_presentation ,216 ,7 , T1 ,6 ,"[-1, 0] ",10.0 ,N ,Q ,X ,F ,R ,I ,W ,C ,J ,P ,T ,S ,H ,D ,M ,U ,O ,G ,L ,E ,A ,Z ,V ,K ,Y ,B ,B ,S ,W ,Y ,T ,  ,F ,R ,K ,Q ,A ,V ,Z ,D ,U ,P ,J ,H ,E ,X ,N ,I ,O ,G ,C ,L ,0
RSVP_central_cue_between_letter_presentation ,217 ,7 , T1 ,18 ,"[1, 0] ",10.0 ,U ,I ,B ,G ,H ,O ,Q ,F ,A ,L ,S ,V ,T ,X ,M ,C ,R ,P ,N ,Z ,Y ,E ,J ,W ,K ,D ,K ,L ,D ,T ,U ,E ,S ,X ,H ,C ,Z ,R ,Q ,A ,N ,V ,J ,  ,W ,P ,G ,O ,Y ,B ,F ,M ,0
RSVP_central_cue_between_letter_presentation ,218 ,7 , T1 ,14 ,"[1, 0] ",3.0 ,V ,Z ,H ,P ,M ,S ,Y ,E ,K ,B ,O ,W ,A ,C ,I ,R ,X ,Q ,F ,D ,T ,U ,G ,L ,N ,J ,I ,F ,N ,Q ,R ,B ,J ,P ,Y ,E ,D ,L ,H ,  ,M ,K ,S ,Z ,O ,U ,W ,V ,C ,A ,X ,T ,0
RSVP_central_cue_between_letter_presentation ,219 ,7 , T1 ,6 ,"[-1, 0] ",10.0 ,I ,K ,D ,A ,Y ,L ,S ,V ,U ,Q ,E ,R ,F ,N ,G ,W ,H ,X ,Z ,O ,T ,C ,M ,J ,P ,B ,C ,J ,N ,R ,H ,  ,P ,S ,Z ,X ,D ,B ,A ,T ,M ,E ,I ,Y ,V ,Q ,U ,G ,W ,L ,O ,F ,0
RSVP_central_cue_between_letter_presentation ,220 ,7 , T1 ,14 ,"[1, 0] ",10.0 ,X ,U ,L ,W ,K ,E ,G ,V ,T ,Z ,S ,D ,H ,R ,Y ,M ,J ,F ,N ,C ,I ,A ,B ,P ,O ,Q ,S ,K ,V ,X ,W ,E ,Z ,M ,U ,T ,G ,F ,J ,  ,H ,N ,O ,Y ,D ,R ,P ,Q ,L ,A ,I ,B ,0
RSVP_central_cue_between_letter_presentation ,221 ,7 , T1 ,22 ,"[-1, 0] ",3.0 ,H ,Y ,F ,K ,W ,V ,M ,O ,R ,I ,T ,Z ,C ,Q ,U ,B ,X ,L ,S ,A ,E ,G ,D ,J ,N ,P ,V ,D ,X ,Y ,U ,R ,I ,W ,J ,P ,K ,B ,Q ,E ,T ,G ,A ,M ,O ,Z ,C ,  ,S ,F ,L ,N ,0
RSVP_central_cue_between_letter_presentation ,222 ,7 , T1 ,10 ,"[-1, 0] ",10.0 ,D ,K ,Z ,B ,R ,P ,I ,N ,O ,V ,C ,U ,F ,Y ,J ,M ,L ,H ,S ,X ,Q ,E ,W ,T ,A ,G ,I ,E ,X ,Z ,A ,O ,M ,R ,Q ,  ,F ,P ,H ,T ,B ,D ,L ,N ,Y ,G ,J ,U ,V ,C ,S ,W ,0
RSVP_central_cue_between_letter_presentation ,223 ,7 , T1 ,22 ,"[-1, 0] ",10.0 ,F ,G ,X ,N ,Z ,P ,E ,L ,Y ,B ,W ,K ,I ,U ,C ,S ,J ,V ,R ,D ,T ,M ,Q ,A ,H ,O ,R ,W ,C ,E ,J ,Y ,A ,H ,N ,P ,O ,K ,B ,I ,V ,D ,L ,Z ,M ,S ,X ,  ,G ,Q ,U ,T ,0
RSVP_central_cue_between_letter_presentation ,224 ,7 , T1 ,22 ,"[-1, 0] ",3.0 ,W ,U ,R ,M ,X ,A ,F ,E ,I ,S ,T ,Z ,V ,O ,N ,G ,Y ,Q ,J ,H ,B ,P ,D ,K ,C ,L ,A ,U ,L ,X ,Q ,S ,C ,I ,K ,G ,F ,O ,Y ,J ,W ,T ,Z ,N ,B ,H ,V ,  ,R ,D ,M ,E ,0
RSVP_central_cue_between_letter_presentation ,225 ,7 , T1 ,22 ,"[1, 0] ",10.0 ,C ,Z ,W ,T ,G ,S ,U ,N ,O ,Q ,R ,M ,L ,D ,E ,J ,V ,X ,Y ,K ,A ,I ,F ,H ,P ,B ,T ,W ,E ,Q ,U ,D ,G ,S ,Z ,J ,O ,R ,N ,Y ,C ,P ,H ,I ,B ,X ,M ,  ,K ,F ,A ,L ,0
RSVP_central_cue_between_letter_presentation ,226 ,7 , T1 ,22 ,"[-1, 0] ",10.0 ,H ,V ,G ,U ,A ,X ,F ,I ,W ,E ,Q ,P ,J ,D ,Z ,R ,M ,K ,S ,L ,C ,Y ,T ,N ,B ,O ,M ,U ,P ,D ,L ,G ,H ,Q ,O ,I ,Y ,J ,T ,V ,B ,K ,F ,C ,X ,A ,E ,  ,Z ,W ,S ,N ,0
RSVP_central_cue_between_letter_presentation ,227 ,7 , T1 ,14 ,"[1, 0] ",3.0 ,L ,R ,I ,J ,T ,P ,G ,Q ,Y ,K ,H ,X ,F ,V ,S ,N ,M ,O ,D ,W ,A ,E ,Z ,B ,U ,C ,Y ,M ,B ,C ,D ,W ,J ,V ,I ,U ,E ,H ,F ,  ,Z ,A ,T ,P ,G ,Q ,R ,N ,S ,O ,L ,K ,0
RSVP_central_cue_between_letter_presentation ,228 ,7 , T1 ,10 ,"[-1, 0] ",10.0 ,Y ,E ,N ,W ,G ,K ,U ,V ,R ,D ,Q ,H ,C ,J ,A ,B ,T ,P ,X ,S ,L ,O ,F ,Z ,I ,M ,G ,U ,P ,T ,I ,A ,E ,B ,Z ,  ,Q ,L ,J ,W ,O ,X ,C ,Y ,H ,R ,M ,N ,F ,K ,S ,D ,0
RSVP_central_cue_between_letter_presentation ,229 ,7 , T1 ,22 ,"[1, 0] ",3.0 ,I ,N ,D ,Z ,H ,X ,M ,E ,A ,U ,J ,V ,L ,R ,T ,C ,B ,F ,S ,K ,W ,G ,Y ,O ,Q ,P ,I ,J ,R ,Z ,N ,T ,F ,M ,L ,W ,X ,B ,Y ,C ,P ,E ,A ,U ,Q ,V ,K ,  ,O ,H ,G ,D ,0
RSVP_central_cue_between_letter_presentation ,230 ,7 , T1 ,10 ,"[1, 0] ",10.0 ,C ,Q ,H ,X ,T ,E ,B ,F ,U ,V ,W ,Y ,L ,O ,G ,D ,M ,K ,J ,A ,N ,P ,S ,I ,R ,Z ,O ,B ,F ,C ,R ,U ,P ,I ,H ,  ,E ,D ,S ,V ,M ,Y ,N ,W ,Z ,J ,X ,L ,G ,K ,Q ,A ,0
RSVP_central_cue_between_letter_presentation ,231 ,7 , T1 ,14 ,"[1, 0] ",3.0 ,C ,Z ,E ,L ,H ,R ,B ,F ,S ,K ,J ,N ,I ,W ,P ,Q ,G ,V ,X ,O ,D ,M ,A ,T ,Y ,U ,G ,H ,U ,F ,J ,D ,A ,I ,K ,Z ,S ,E ,M ,  ,X ,N ,Q ,Y ,B ,C ,R ,W ,O ,V ,L ,P ,0
RSVP_central_cue_between_letter_presentation ,232 ,7 , T1 ,10 ,"[-1, 0] ",3.0 ,A ,S ,Y ,V ,Z ,L ,J ,F ,P ,X ,K ,B ,G ,M ,T ,W ,C ,R ,N ,Q ,D ,U ,O ,H ,E ,I ,P ,D ,O ,I ,M ,R ,E ,H ,Z ,  ,A ,W ,L ,G ,C ,B ,N ,V ,J ,S ,F ,Y ,X ,Q ,U ,T ,0
RSVP_central_cue_between_letter_presentation ,233 ,7 , T1 ,6 ,"[1, 0] ",3.0 ,L ,B ,M ,R ,A ,N ,E ,C ,X ,F ,D ,J ,I ,Y ,U ,W ,P ,Q ,G ,H ,Z ,T ,V ,S ,O ,K ,Y ,M ,A ,K ,P ,  ,Z ,S ,T ,C ,J ,X ,F ,H ,L ,D ,U ,Q ,R ,V ,W ,B ,N ,I ,E ,G ,0
RSVP_central_cue_between_letter_presentation ,234 ,7 , T1 ,22 ,"[-1, 0] ",10.0 ,J ,D ,K ,Z ,G ,B ,W ,S ,Y ,E ,M ,F ,R ,U ,I ,X ,O ,P ,V ,A ,H ,Q ,C ,N ,T ,L ,V ,G ,H ,K ,J ,I ,C ,O ,S ,D ,Y ,U ,W ,R ,X ,T ,A ,E ,Z ,M ,Q ,  ,N ,P ,L ,B ,0
RSVP_central_cue_between_letter_presentation ,235 ,7 , T1 ,10 ,"[-1, 0] ",3.0 ,F ,I ,G ,Z ,V ,R ,P ,A ,C ,J ,N ,T ,D ,W ,H ,Q ,E ,S ,X ,Y ,L ,O ,M ,U ,K ,B ,C ,W ,E ,M ,A ,G ,I ,Z ,V ,  ,Q ,L ,J ,T ,O ,N ,P ,Y ,D ,U ,B ,H ,X ,F ,K ,S ,0
RSVP_central_cue_between_letter_presentation ,236 ,7 , T1 ,22 ,"[1, 0] ",10.0 ,V ,N ,E ,J ,P ,M ,O ,U ,I ,G ,Y ,D ,F ,X ,S ,C ,W ,L ,H ,B ,Q ,Z ,T ,R ,K ,A ,Z ,I ,F ,S ,D ,U ,T ,B ,O ,V ,R ,M ,W ,A ,L ,K ,E ,P ,Y ,G ,N ,  ,C ,Q ,X ,J ,0
RSVP_central_cue_between_letter_presentation ,237 ,7 , T1 ,14 ,"[1, 0] ",10.0 ,X ,N ,P ,G ,R ,B ,O ,V ,W ,E ,Y ,H ,D ,A ,C ,U ,J ,Q ,Z ,F ,L ,I ,M ,S ,K ,T ,B ,S ,Y ,W ,X ,T ,G ,K ,I ,L ,E ,J ,F ,  ,D ,M ,R ,H ,C ,A ,N ,O ,Q ,P ,V ,Z ,0
RSVP_central_cue_between_letter_presentation ,238 ,7 , T1 ,18 ,"[-1, 0] ",3.0 ,R ,E ,J ,L ,N ,I ,W ,T ,Z ,O ,A ,H ,X ,G ,F ,S ,U ,M ,Y ,D ,K ,V ,Q ,B ,P ,C ,Z ,A ,E ,P ,K ,N ,R ,X ,I ,C ,W ,S ,M ,J ,D ,G ,B ,  ,Q ,T ,H ,F ,V ,L ,U ,Y ,0
RSVP_central_cue_between_letter_presentation ,239 ,7 , T1 ,10 ,"[1, 0] ",10.0 ,Z ,U ,W ,M ,V ,I ,C ,A ,P ,D ,S ,Y ,Q ,F ,G ,L ,J ,B ,H ,X ,O ,K ,E ,T ,R ,N ,P ,D ,Z ,E ,B ,A ,G ,I ,R ,  ,W ,O ,J ,N ,S ,L ,T ,Q ,V ,X ,K ,M ,H ,U ,F ,Y ,0
RSVP_central_cue_between_letter_presentation ,240 ,7 , T1 ,14 ,"[-1, 0] ",10.0 ,K ,N ,I ,Q ,S ,J ,U ,X ,V ,O ,A ,P ,G ,D ,B ,F ,H ,M ,R ,L ,C ,T ,W ,Y ,E ,Z ,J ,Q ,A ,B ,P ,K ,D ,N ,Y ,E ,T ,S ,M ,  ,W ,R ,G ,X ,H ,U ,I ,C ,O ,L ,V ,Z ,0
RSVP_central_cue_between_letter_presentation ,241 ,7 , T1 ,14 ,"[1, 0] ",10.0 ,B ,H ,Y ,V ,A ,C ,G ,F ,W ,P ,N ,R ,J ,I ,O ,E ,T ,L ,M ,D ,S ,Q ,U ,Z ,X ,K ,L ,D ,A ,O ,T ,E ,M ,Y ,I ,V ,K ,P ,N ,  ,X ,C ,Z ,B ,G ,R ,Q ,U ,H ,S ,W ,F ,0
RSVP_central_cue_between_letter_presentation ,242 ,7 , T1 ,18 ,"[1, 0] ",3.0 ,W ,E ,N ,V ,F ,L ,Q ,B ,C ,A ,J ,D ,M ,S ,X ,K ,I ,U ,O ,T ,H ,Z ,G ,P ,Y ,R ,W ,C ,S ,G ,F ,R ,I ,K ,Q ,B ,N ,H ,E ,O ,U ,M ,A ,  ,T ,L ,P ,J ,V ,Z ,X ,Y ,0
RSVP_central_cue_between_letter_presentation ,243 ,7 , T1 ,18 ,"[1, 0] ",3.0 ,D ,K ,V ,O ,H ,I ,G ,B ,M ,F ,W ,Z ,C ,J ,Q ,R ,L ,A ,N ,X ,S ,U ,E ,Y ,T ,P ,U ,K ,Q ,W ,F ,G ,V ,E ,L ,X ,S ,O ,I ,Z ,M ,P ,T ,  ,D ,C ,H ,N ,A ,J ,B ,Y ,0
RSVP_central_cue_between_letter_presentation ,244 ,7 , T1 ,14 ,"[-1, 0] ",3.0 ,X ,V ,Z ,P ,S ,F ,G ,B ,C ,R ,T ,A ,D ,W ,Q ,E ,Y ,U ,L ,H ,K ,M ,J ,N ,O ,I ,Y ,K ,A ,B ,V ,W ,H ,E ,L ,P ,C ,Q ,I ,  ,T ,D ,J ,Z ,M ,F ,X ,U ,O ,G ,R ,N ,0
RSVP_central_cue_between_letter_presentation ,245 ,7 , T1 ,10 ,"[-1, 0] ",3.0 ,N ,D ,H ,F ,C ,V ,M ,O ,I ,L ,U ,B ,A ,Q ,E ,P ,T ,X ,R ,Y ,J ,G ,K ,S ,W ,Z ,F ,K ,W ,U ,Y ,X ,T ,I ,A ,  ,Q ,E ,R ,C ,G ,Z ,M ,B ,H ,V ,P ,S ,O ,N ,J ,L ,0
RSVP_central_cue_between_letter_presentation ,246 ,7 , T1 ,14 ,"[1, 0] ",3.0 ,V ,K ,I ,Z ,P ,S ,C ,W ,R ,M ,F ,O ,J ,B ,X ,D ,A ,E ,Q ,H ,T ,U ,G ,Y ,L ,N ,Y ,X ,T ,D ,R ,P ,I ,E ,O ,B ,A ,N ,W ,  ,K ,C ,M ,L ,V ,G ,F ,Q ,Z ,J ,H ,U ,0
RSVP_central_cue_between_letter_presentation ,247 ,7 , T1 ,22 ,"[-1, 0] ",3.0 ,I ,K ,V ,R ,Q ,M ,P ,C ,O ,U ,D ,X ,S ,A ,W ,F ,J ,T ,E ,N ,Y ,Z ,B ,G ,L ,H ,P ,C ,L ,D ,K ,J ,G ,F ,V ,S ,O ,E ,Z ,R ,U ,A ,W ,T ,N ,B ,Q ,  ,H ,X ,Y ,I ,0
RSVP_central_cue_between_letter_presentation ,248 ,7 , T1 ,18 ,"[-1, 0] ",10.0 ,A ,M ,B ,D ,C ,T ,J ,K ,R ,W ,P ,U ,V ,F ,Q ,I ,E ,G ,N ,S ,O ,H ,Y ,L ,X ,Z ,G ,H ,M ,C ,Q ,U ,D ,E ,T ,V ,K ,N ,I ,A ,Z ,X ,J ,  ,P ,Y ,L ,R ,F ,S ,B ,O ,0
RSVP_central_cue_between_letter_presentation ,249 ,7 , T1 ,14 ,"[-1, 0] ",10.0 ,A ,D ,E ,V ,N ,U ,Y ,B ,S ,W ,G ,L ,X ,F ,H ,Z ,Q ,P ,K ,T ,O ,R ,J ,C ,M ,I ,K ,J ,A ,N ,E ,H ,O ,W ,P ,F ,Y ,T ,Z ,  ,B ,U ,M ,C ,Q ,D ,I ,X ,S ,V ,L ,G ,0
RSVP_central_cue_between_letter_presentation ,250 ,7 , T1 ,18 ,"[1, 0] ",10.0 ,E ,P ,L ,W ,B ,Y ,M ,D ,K ,A ,Z ,V ,X ,O ,U ,F ,N ,J ,I ,G ,Q ,T ,R ,H ,C ,S ,B ,R ,V ,F ,P ,I ,A ,C ,K ,O ,S ,T ,Y ,X ,N ,W ,L ,  ,Q ,M ,J ,U ,H ,E ,D ,Z ,0
RSVP_central_cue_between_letter_presentation ,251 ,7 , T1 ,6 ,"[1, 0] ",10.0 ,C ,W ,D ,Z ,T ,U ,L ,R ,B ,H ,Y ,G ,O ,N ,V ,K ,M ,Q ,P ,I ,X ,S ,E ,F ,A ,J ,A ,S ,L ,R ,K ,  ,F ,H ,E ,Q ,M ,O ,D ,T ,Z ,Y ,J ,I ,N ,V ,X ,U ,W ,C ,B ,G ,0
RSVP_central_cue_between_letter_presentation ,252 ,7 , T1 ,18 ,"[-1, 0] ",10.0 ,Q ,V ,J ,Y ,L ,A ,K ,C ,S ,W ,P ,F ,I ,N ,O ,G ,Z ,M ,B ,X ,T ,H ,U ,E ,R ,D ,U ,Q ,H ,G ,M ,C ,I ,W ,O ,K ,S ,A ,J ,Z ,E ,T ,F ,  ,B ,R ,D ,P ,Y ,L ,N ,V ,0
RSVP_central_cue_between_letter_presentation ,253 ,7 , T1 ,22 ,"[1, 0] ",10.0 ,C ,I ,E ,D ,A ,Y ,F ,K ,U ,Q ,O ,B ,W ,R ,J ,X ,T ,V ,S ,Z ,L ,N ,M ,P ,H ,G ,T ,Q ,C ,P ,M ,G ,U ,Z ,O ,L ,B ,R ,S ,K ,W ,D ,Y ,F ,A ,E ,I ,  ,N ,X ,J ,V ,0
RSVP_central_cue_between_letter_presentation ,254 ,7 , T1 ,10 ,"[-1, 0] ",10.0 ,S ,M ,E ,J ,X ,N ,B ,Y ,I ,Z ,R ,H ,O ,L ,T ,P ,A ,W ,C ,G ,Q ,U ,D ,V ,F ,K ,G ,P ,K ,L ,H ,U ,Z ,C ,W ,  ,B ,J ,M ,Q ,S ,V ,N ,F ,T ,X ,D ,R ,E ,I ,O ,A ,0
RSVP_central_cue_between_letter_presentation ,255 ,7 , T1 ,6 ,"[1, 0] ",3.0 ,Z ,H ,F ,M ,G ,J ,C ,I ,V ,S ,Q ,K ,W ,U ,D ,N ,B ,E ,Y ,P ,R ,L ,O ,T ,A ,X ,Z ,O ,X ,L ,J ,  ,U ,V ,R ,E ,T ,Q ,C ,F ,P ,A ,N ,I ,H ,D ,W ,Y ,M ,G ,K ,B ,0
RSVP_central_cue_between_letter_presentation ,256 ,7 , T1 ,22 ,"[-1, 0] ",3.0 ,D ,B ,J ,N ,G ,W ,H ,T ,X ,K ,L ,Y ,A ,F ,U ,M ,V ,Q ,P ,R ,S ,C ,Z ,O ,I ,E ,G ,V ,U ,N ,H ,B ,S ,J ,Y ,A ,X ,P ,Z ,Q ,T ,E ,D ,L ,W ,C ,K ,  ,I ,O ,R ,F ,0
RSVP_central_cue_between_letter_presentation ,257 ,7 , T1 ,10 ,"[1, 0] ",3.0 ,V ,H ,X ,S ,F ,E ,R ,B ,A ,I ,M ,Y ,N ,O ,Q ,U ,G ,P ,D ,Z ,K ,T ,J ,L ,C ,W ,R ,J ,U ,E ,M ,W ,I ,D ,L ,  ,V ,X ,P ,S ,Q ,G ,H ,Y ,C ,A ,T ,B ,N ,K ,Z ,F ,0
RSVP_central_cue_between_letter_presentation ,258 ,7 , T1 ,18 ,"[1, 0] ",10.0 ,E ,N ,K ,W ,L ,M ,A ,D ,V ,R ,F ,U ,O ,J ,P ,T ,Z ,Q ,C ,G ,H ,Y ,I ,S ,B ,X ,V ,F ,H ,G ,O ,D ,C ,T ,I ,Q ,M ,W ,Z ,B ,K ,E ,R ,  ,S ,A ,J ,Y ,L ,P ,N ,U ,0
RSVP_central_cue_between_letter_presentation ,259 ,7 , T1 ,22 ,"[1, 0] ",3.0 ,N ,B ,P ,L ,E ,D ,O ,Q ,G ,V ,M ,S ,A ,U ,H ,J ,R ,W ,K ,C ,T ,Y ,Z ,X ,F ,I ,H ,L ,A ,R ,Q ,T ,U ,B ,J ,W ,V ,K ,E ,S ,D ,N ,Z ,Y ,I ,P ,M ,  ,F ,O ,X ,G ,0
RSVP_central_cue_between_letter_presentation ,260 ,7 , T1 ,18 ,"[1, 0] ",10.0 ,R ,W ,S ,B ,O ,T ,C ,A ,L ,Z ,I ,D ,E ,J ,U ,H ,P ,M ,N ,V ,K ,Y ,F ,Q ,G ,X ,Z ,G ,Y ,J ,N ,I ,D ,X ,T ,S ,H ,E ,W ,U ,R ,Q ,F ,  ,V ,B ,A ,L ,O ,M ,K ,C ,0
RSVP_central_cue_between_letter_presentation ,261 ,7 , T1 ,18 ,"[-1, 0] ",10.0 ,D ,F ,Y ,A ,U ,T ,N ,P ,W ,Q ,K ,B ,I ,C ,L ,X ,H ,G ,S ,O ,E ,V ,M ,R ,Z ,J ,R ,Q ,I ,P ,G ,T ,W ,Y ,L ,H ,F ,E ,N ,K ,Z ,V ,M ,  ,X ,J ,U ,S ,O ,C ,D ,B ,0
RSVP_central_cue_between_letter_presentation ,262 ,7 , T1 ,22 ,"[-1, 0] ",10.0 ,F ,P ,D ,N ,A ,H ,Y ,T ,B ,O ,V ,W ,K ,I ,G ,M ,C ,R ,U ,J ,L ,Z ,X ,E ,S ,Q ,S ,R ,F ,X ,D ,J ,P ,A ,K ,E ,Q ,V ,Z ,L ,N ,B ,C ,T ,W ,G ,O ,  ,U ,I ,H ,Y ,0
RSVP_central_cue_between_letter_presentation ,263 ,7 , T1 ,6 ,"[1, 0] ",3.0 ,N ,U ,X ,T ,Q ,W ,R ,C ,H ,Y ,A ,J ,F ,Z ,G ,I ,L ,O ,D ,P ,V ,B ,M ,K ,S ,E ,J ,T ,A ,H ,Z ,  ,K ,F ,C ,Y ,W ,S ,Q ,G ,B ,O ,U ,I ,V ,M ,R ,L ,D ,E ,P ,X ,0
RSVP_central_cue_between_letter_presentation ,264 ,7 , T1 ,6 ,"[1, 0] ",10.0 ,T ,I ,N ,L ,V ,F ,C ,U ,K ,R ,S ,Y ,D ,A ,O ,P ,J ,E ,M ,B ,G ,X ,Q ,H ,W ,Z ,P ,H ,Q ,M ,R ,  ,E ,Z ,D ,K ,C ,L ,B ,N ,T ,F ,V ,W ,G ,A ,I ,O ,Y ,S ,U ,X ,0
RSVP_central_cue_between_letter_presentation ,265 ,7 , T1 ,10 ,"[1, 0] ",3.0 ,A ,B ,W ,M ,H ,Z ,J ,D ,L ,K ,X ,I ,O ,R ,G ,Q ,N ,U ,E ,V ,F ,S ,T ,P ,Y ,C ,U ,Q ,I ,N ,Y ,O ,H ,K ,L ,  ,Z ,J ,P ,F ,C ,B ,S ,X ,A ,T ,M ,V ,D ,W ,G ,R ,0
RSVP_central_cue_between_letter_presentation ,266 ,7 , T1 ,14 ,"[-1, 0] ",10.0 ,G ,A ,S ,J ,W ,M ,Q ,C ,H ,T ,N ,R ,U ,X ,V ,O ,K ,Z ,I ,D ,Y ,P ,B ,L ,E ,F ,D ,R ,E ,T ,W ,S ,K ,G ,P ,Z ,Q ,H ,N ,  ,U ,O ,J ,X ,L ,M ,B ,C ,I ,Y ,F ,V ,0
RSVP_central_cue_between_letter_presentation ,267 ,7 , T1 ,10 ,"[-1, 0] ",10.0 ,J ,B ,V ,X ,E ,U ,N ,O ,G ,P ,W ,Y ,I ,D ,R ,M ,L ,K ,C ,Q ,H ,T ,Z ,F ,S ,A ,G ,J ,F ,N ,D ,O ,B ,L ,C ,  ,A ,M ,H ,K ,X ,Z ,Q ,Y ,S ,P ,I ,R ,U ,W ,V ,T ,1
RSVP_central_cue_between_letter_presentation ,268 ,7 , T1 ,18 ,"[1, 0] ",10.0 ,O ,I ,V ,M ,Q ,P ,B ,A ,H ,G ,Y ,R ,E ,T ,D ,N ,X ,Z ,L ,C ,F ,U ,J ,W ,K ,S ,P ,X ,A ,L ,H ,B ,I ,V ,N ,S ,G ,W ,Y ,U ,R ,T ,Z ,  ,M ,K ,O ,Q ,C ,D ,E ,J ,0
RSVP_central_cue_between_letter_presentation ,269 ,7 , T1 ,6 ,"[1, 0] ",10.0 ,M ,W ,P ,I ,O ,Z ,Y ,L ,N ,F ,E ,X ,J ,Q ,B ,A ,R ,S ,G ,C ,D ,T ,H ,U ,K ,V ,H ,O ,F ,X ,C ,  ,Y ,B ,U ,E ,V ,W ,S ,A ,M ,D ,G ,K ,P ,Q ,N ,T ,J ,Z ,L ,R ,0
RSVP_central_cue_between_letter_presentation ,270 ,7 , T1 ,10 ,"[1, 0] ",10.0 ,L ,K ,A ,O ,M ,R ,U ,B ,G ,Q ,I ,T ,S ,F ,C ,Z ,X ,W ,J ,E ,D ,N ,P ,H ,Y ,V ,Z ,A ,C ,T ,E ,I ,Y ,M ,G ,  ,N ,P ,H ,Q ,J ,S ,U ,D ,W ,L ,V ,R ,X ,B ,O ,F ,0
RSVP_central_cue_between_letter_presentation ,271 ,7 , T1 ,10 ,"[1, 0] ",3.0 ,D ,O ,G ,Y ,Q ,Z ,M ,H ,L ,W ,C ,P ,K ,I ,F ,E ,J ,V ,R ,T ,X ,B ,U ,A ,N ,S ,X ,U ,T ,L ,Y ,O ,N ,S ,W ,  ,J ,G ,P ,B ,R ,Z ,C ,E ,A ,F ,Q ,D ,K ,M ,H ,V ,0
RSVP_central_cue_between_letter_presentation ,272 ,7 , T1 ,6 ,"[1, 0] ",3.0 ,R ,M ,G ,S ,E ,C ,Z ,Q ,N ,K ,O ,W ,P ,D ,U ,A ,B ,J ,I ,Y ,L ,H ,F ,V ,T ,X ,U ,S ,V ,X ,A ,  ,G ,C ,Z ,D ,Y ,K ,B ,O ,P ,F ,E ,N ,W ,H ,J ,M ,R ,Q ,I ,T ,0
RSVP_central_cue_between_letter_presentation ,273 ,7 , T1 ,10 ,"[-1, 0] ",10.0 ,U ,L ,X ,Y ,C ,O ,W ,A ,H ,M ,G ,J ,B ,S ,Q ,D ,F ,Z ,V ,E ,P ,N ,T ,K ,R ,I ,K ,O ,J ,W ,X ,Z ,L ,D ,I ,  ,B ,A ,F ,T ,U ,V ,M ,C ,Q ,H ,S ,E ,Y ,N ,P ,G ,0
RSVP_central_cue_between_letter_presentation ,274 ,7 , T1 ,22 ,"[1, 0] ",10.0 ,Z ,M ,Q ,I ,L ,C ,D ,S ,P ,H ,N ,K ,U ,E ,R ,V ,W ,A ,T ,Y ,B ,F ,J ,O ,G ,X ,F ,L ,S ,W ,U ,Q ,R ,H ,K ,G ,A ,N ,J ,X ,B ,I ,D ,C ,V ,O ,P ,  ,M ,E ,T ,Y ,0
RSVP_central_cue_between_letter_presentation ,275 ,7 , T1 ,18 ,"[1, 0] ",3.0 ,J ,N ,R ,W ,Z ,D ,C ,L ,K ,H ,P ,S ,F ,E ,B ,U ,Y ,A ,I ,M ,G ,V ,X ,O ,Q ,T ,D ,O ,A ,E ,W ,H ,Q ,F ,T ,U ,B ,M ,G ,L ,V ,C ,Y ,  ,S ,N ,X ,Z ,K ,P ,I ,J ,0
RSVP_central_cue_between_letter_presentation ,276 ,7 , T1 ,10 ,"[1, 0] ",10.0 ,H ,N ,K ,P ,W ,B ,M ,A ,V ,F ,G ,S ,Q ,O ,U ,X ,T ,C ,Z ,D ,Y ,E ,R ,J ,L ,I ,D ,G ,T ,M ,A ,Y ,F ,L ,B ,  ,C ,Z ,W ,X ,S ,U ,E ,Q ,P ,J ,O ,K ,R ,V ,I ,N ,0
RSVP_central_cue_between_letter_presentation ,277 ,7 , T1 ,18 ,"[-1, 0] ",3.0 ,K ,Z ,N ,J ,I ,A ,W ,H ,X ,T ,E ,R ,V ,M ,D ,G ,Q ,U ,S ,C ,L ,P ,Y ,F ,B ,O ,N ,L ,B ,R ,T ,F ,Q ,W ,X ,G ,S ,K ,Z ,A ,H ,M ,P ,  ,J ,C ,Y ,O ,E ,U ,V ,I ,0
RSVP_central_cue_between_letter_presentation ,278 ,7 , T1 ,6 ,"[-1, 0] ",10.0 ,B ,Z ,P ,J ,D ,E ,X ,Q ,C ,W ,O ,A ,F ,L ,I ,K ,H ,M ,T ,R ,G ,Y ,V ,S ,U ,N ,C ,E ,Y ,Q ,I ,  ,S ,W ,K ,F ,U ,P ,A ,Z ,M ,D ,X ,B ,T ,L ,N ,H ,O ,G ,R ,J ,0
RSVP_central_cue_between_letter_presentation ,279 ,7 , T1 ,10 ,"[1, 0] ",3.0 ,O ,S ,G ,H ,V ,W ,I ,Y ,J ,P ,D ,X ,K ,B ,L ,R ,E ,A ,T ,Q ,N ,C ,Z ,F ,U ,M ,U ,A ,M ,W ,H ,Q ,J ,C ,Z ,  ,Y ,N ,I ,F ,G ,P ,B ,T ,L ,D ,E ,K ,S ,V ,O ,R ,0
