experimentPhase,trialnum,subject,task,noisePercent,answerPos0,answer0,response0,correct0,responsePosRelative0,ltrSpatialPos1,ltrEccentricity1,timingBlips
RSVP_central_cue_between_letter_presentation ,0 ,8 , T1 , 0.0 ,10 ,H ,K ,0.0 ,2.0 ,"[1, 0] ",10.0 ,0
RSVP_central_cue_between_letter_presentation ,1 ,8 , T1 , 0.0 ,6 ,N ,B ,0.0 ,4.0 ,"[1, 0] ",10.0 ,0
RSVP_central_cue_between_letter_presentation ,2 ,8 , T1 , 0.0 ,10 ,T ,T ,1.0 ,0.0 ,"[1, 0] ",10.0 ,0
RSVP_central_cue_between_letter_presentation ,3 ,8 , T1 , 0.0 ,18 ,G ,G ,1.0 ,0.0 ,"[1, 0] ",3.0 ,0
RSVP_central_cue_between_letter_presentation ,4 ,8 , T1 , 0.0 ,18 ,F ,F ,1.0 ,0.0 ,"[1, 0] ",3.0 ,0
RSVP_central_cue_between_letter_presentation ,5 ,8 , T1 , 0.0 ,22 ,K ,K ,1.0 ,0.0 ,"[1, 0] ",3.0 ,0
RSVP_central_cue_between_letter_presentation ,6 ,8 , T1 , 0.0 ,18 ,X ,N ,0.0 ,1.0 ,"[-1, 0] ",3.0 ,0
RSVP_central_cue_between_letter_presentation ,7 ,8 , T1 , 0.0 ,10 ,G ,G ,1.0 ,0.0 ,"[1, 0] ",10.0 ,0
RSVP_central_cue_between_letter_presentation ,8 ,8 , T1 , 0.0 ,22 ,K ,K ,1.0 ,0.0 ,"[-1, 0] ",3.0 ,0
RSVP_central_cue_between_letter_presentation ,9 ,8 , T1 , 0.0 ,10 ,L ,U ,0.0 ,-5.0 ,"[1, 0] ",3.0 ,0
RSVP_central_cue_between_letter_presentation ,10 ,8 , T1 , 0.0 ,22 ,Y ,M ,0.0 ,1.0 ,"[-1, 0] ",3.0 ,0
RSVP_central_cue_between_letter_presentation ,11 ,8 , T1 , 0.0 ,18 ,F ,F ,1.0 ,0.0 ,"[-1, 0] ",3.0 ,0
RSVP_central_cue_between_letter_presentation ,12 ,8 , T1 , 0.0 ,18 ,T ,J ,0.0 ,5.0 ,"[1, 0] ",3.0 ,0
RSVP_central_cue_between_letter_presentation ,13 ,8 , T1 , 0.0 ,22 ,U ,W ,0.0 ,-1.0 ,"[-1, 0] ",10.0 ,0
RSVP_central_cue_between_letter_presentation ,14 ,8 , T1 , 0.0 ,22 ,B ,B ,1.0 ,0.0 ,"[1, 0] ",10.0 ,0
RSVP_central_cue_between_letter_presentation ,15 ,8 , T1 , 0.0 ,18 ,E ,Z ,0.0 ,-1.0 ,"[1, 0] ",10.0 ,1
RSVP_central_cue_between_letter_presentation ,16 ,8 , T1 , 0.0 ,22 ,H ,Z ,0.0 ,1.0 ,"[-1, 0] ",3.0 ,0
RSVP_central_cue_between_letter_presentation ,17 ,8 , T1 , 0.0 ,18 ,D ,H ,0.0 ,1.0 ,"[-1, 0] ",3.0 ,0
RSVP_central_cue_between_letter_presentation ,18 ,8 , T1 , 0.0 ,10 ,V ,M ,0.0 ,1.0 ,"[1, 0] ",3.0 ,0
RSVP_central_cue_between_letter_presentation ,19 ,8 , T1 , 0.0 ,18 ,Z ,G ,0.0 ,2.0 ,"[-1, 0] ",10.0 ,0
RSVP_central_cue_between_letter_presentation ,20 ,8 , T1 , 0.0 ,6 ,L ,B ,0.0 ,4.0 ,"[-1, 0] ",10.0 ,0
RSVP_central_cue_between_letter_presentation ,21 ,8 , T1 , 0.0 ,10 ,P ,O ,0.0 ,-3.0 ,"[1, 0] ",3.0 ,0
RSVP_central_cue_between_letter_presentation ,22 ,8 , T1 , 0.0 ,18 ,E ,M ,0.0 ,2.0 ,"[1, 0] ",10.0 ,0
RSVP_central_cue_between_letter_presentation ,23 ,8 , T1 , 0.0 ,6 ,E ,S ,0.0 ,-4.0 ,"[1, 0] ",3.0 ,0
RSVP_central_cue_between_letter_presentation ,24 ,8 , T1 , 0.0 ,18 ,T ,T ,1.0 ,0.0 ,"[1, 0] ",3.0 ,1
RSVP_central_cue_between_letter_presentation ,25 ,8 , T1 , 0.0 ,22 ,Q ,B ,0.0 ,1.0 ,"[1, 0] ",3.0 ,0
RSVP_central_cue_between_letter_presentation ,26 ,8 , T1 , 0.0 ,14 ,W ,S ,0.0 ,1.0 ,"[1, 0] ",3.0 ,0
RSVP_central_cue_between_letter_presentation ,27 ,8 , T1 , 0.0 ,22 ,G ,K ,0.0 ,1.0 ,"[-1, 0] ",10.0 ,0
RSVP_central_cue_between_letter_presentation ,28 ,8 , T1 , 0.0 ,10 ,E ,E ,1.0 ,0.0 ,"[1, 0] ",3.0 ,0
RSVP_central_cue_between_letter_presentation ,29 ,8 , T1 , 0.0 ,18 ,D ,D ,1.0 ,0.0 ,"[1, 0] ",3.0 ,0
RSVP_central_cue_between_letter_presentation ,30 ,8 , T1 , 0.0 ,10 ,P ,P ,1.0 ,0.0 ,"[-1, 0] ",3.0 ,0
RSVP_central_cue_between_letter_presentation ,31 ,8 , T1 , 0.0 ,6 ,L ,F ,0.0 ,2.0 ,"[-1, 0] ",3.0 ,0
RSVP_central_cue_between_letter_presentation ,32 ,8 , T1 , 0.0 ,22 ,W ,W ,1.0 ,0.0 ,"[1, 0] ",3.0 ,0
RSVP_central_cue_between_letter_presentation ,33 ,8 , T1 , 0.0 ,14 ,Z ,J ,0.0 ,1.0 ,"[1, 0] ",3.0 ,0
RSVP_central_cue_between_letter_presentation ,34 ,8 , T1 , 0.0 ,22 ,O ,Z ,0.0 ,-1.0 ,"[-1, 0] ",10.0 ,0
RSVP_central_cue_between_letter_presentation ,35 ,8 , T1 , 0.0 ,22 ,H ,W ,0.0 ,-1.0 ,"[-1, 0] ",3.0 ,0
RSVP_central_cue_between_letter_presentation ,36 ,8 , T1 , 0.0 ,22 ,E ,E ,1.0 ,0.0 ,"[1, 0] ",3.0 ,0
RSVP_central_cue_between_letter_presentation ,37 ,8 , T1 , 0.0 ,10 ,J ,B ,0.0 ,1.0 ,"[1, 0] ",10.0 ,0
RSVP_central_cue_between_letter_presentation ,38 ,8 , T1 , 0.0 ,6 ,Z ,J ,0.0 ,-2.0 ,"[-1, 0] ",3.0 ,0
RSVP_central_cue_between_letter_presentation ,39 ,8 , T1 , 0.0 ,10 ,Y ,O ,0.0 ,10.0 ,"[1, 0] ",10.0 ,0
RSVP_central_cue_between_letter_presentation ,40 ,8 , T1 , 0.0 ,14 ,T ,O ,0.0 ,8.0 ,"[1, 0] ",10.0 ,0
RSVP_central_cue_between_letter_presentation ,41 ,8 , T1 , 0.0 ,10 ,W ,S ,0.0 ,2.0 ,"[-1, 0] ",10.0 ,0
RSVP_central_cue_between_letter_presentation ,42 ,8 , T1 , 0.0 ,22 ,D ,A ,0.0 ,1.0 ,"[-1, 0] ",3.0 ,0
RSVP_central_cue_between_letter_presentation ,43 ,8 , T1 , 0.0 ,10 ,T ,O ,0.0 ,2.0 ,"[1, 0] ",3.0 ,0
RSVP_central_cue_between_letter_presentation ,44 ,8 , T1 , 0.0 ,18 ,Z ,Z ,1.0 ,0.0 ,"[1, 0] ",10.0 ,0
RSVP_central_cue_between_letter_presentation ,45 ,8 , T1 , 0.0 ,18 ,J ,J ,1.0 ,0.0 ,"[1, 0] ",10.0 ,0
RSVP_central_cue_between_letter_presentation ,46 ,8 , T1 , 0.0 ,6 ,P ,E ,0.0 ,1.0 ,"[1, 0] ",3.0 ,0
RSVP_central_cue_between_letter_presentation ,47 ,8 , T1 , 0.0 ,6 ,Z ,Z ,1.0 ,0.0 ,"[-1, 0] ",10.0 ,0
RSVP_central_cue_between_letter_presentation ,48 ,8 , T1 , 0.0 ,14 ,O ,E ,0.0 ,1.0 ,"[-1, 0] ",10.0 ,0
RSVP_central_cue_between_letter_presentation ,49 ,8 , T1 , 0.0 ,18 ,F ,F ,1.0 ,0.0 ,"[-1, 0] ",3.0 ,0
RSVP_central_cue_between_letter_presentation ,50 ,8 , T1 , 0.0 ,10 ,K ,K ,1.0 ,0.0 ,"[1, 0] ",3.0 ,0
RSVP_central_cue_between_letter_presentation ,51 ,8 , T1 , 0.0 ,6 ,K ,K ,1.0 ,0.0 ,"[1, 0] ",10.0 ,0
RSVP_central_cue_between_letter_presentation ,52 ,8 , T1 , 0.0 ,10 ,W ,W ,1.0 ,0.0 ,"[1, 0] ",3.0 ,0
RSVP_central_cue_between_letter_presentation ,53 ,8 , T1 , 0.0 ,10 ,O ,L ,0.0 ,1.0 ,"[1, 0] ",3.0 ,0
RSVP_central_cue_between_letter_presentation ,54 ,8 , T1 , 0.0 ,14 ,R ,G ,0.0 ,1.0 ,"[-1, 0] ",3.0 ,0
RSVP_central_cue_between_letter_presentation ,55 ,8 , T1 , 0.0 ,18 ,E ,E ,1.0 ,0.0 ,"[1, 0] ",3.0 ,0
RSVP_central_cue_between_letter_presentation ,56 ,8 , T1 , 0.0 ,6 ,L ,Z ,0.0 ,-1.0 ,"[-1, 0] ",3.0 ,0
RSVP_central_cue_between_letter_presentation ,57 ,8 , T1 , 0.0 ,22 ,Q ,S ,0.0 ,-1.0 ,"[1, 0] ",3.0 ,0
RSVP_central_cue_between_letter_presentation ,58 ,8 , T1 , 0.0 ,14 ,X ,X ,1.0 ,0.0 ,"[1, 0] ",3.0 ,0
RSVP_central_cue_between_letter_presentation ,59 ,8 , T1 , 0.0 ,18 ,N ,N ,1.0 ,0.0 ,"[-1, 0] ",10.0 ,0
RSVP_central_cue_between_letter_presentation ,60 ,8 , T1 , 0.0 ,6 ,T ,G ,0.0 ,2.0 ,"[-1, 0] ",3.0 ,0
RSVP_central_cue_between_letter_presentation ,61 ,8 , T1 , 0.0 ,10 ,Z ,E ,0.0 ,1.0 ,"[-1, 0] ",3.0 ,0
RSVP_central_cue_between_letter_presentation ,62 ,8 , T1 , 0.0 ,22 ,S ,S ,1.0 ,0.0 ,"[-1, 0] ",10.0 ,0
RSVP_central_cue_between_letter_presentation ,63 ,8 , T1 , 0.0 ,14 ,E ,E ,1.0 ,0.0 ,"[1, 0] ",10.0 ,0
RSVP_central_cue_between_letter_presentation ,64 ,8 , T1 , 0.0 ,10 ,D ,B ,0.0 ,-1.0 ,"[-1, 0] ",10.0 ,1
RSVP_central_cue_between_letter_presentation ,65 ,8 , T1 , 0.0 ,6 ,L ,X ,0.0 ,1.0 ,"[-1, 0] ",3.0 ,0
RSVP_central_cue_between_letter_presentation ,66 ,8 , T1 , 0.0 ,6 ,W ,G ,0.0 ,-2.0 ,"[1, 0] ",10.0 ,0
RSVP_central_cue_between_letter_presentation ,67 ,8 , T1 , 0.0 ,6 ,F ,J ,0.0 ,2.0 ,"[-1, 0] ",3.0 ,0
RSVP_central_cue_between_letter_presentation ,68 ,8 , T1 , 0.0 ,10 ,Z ,Z ,1.0 ,0.0 ,"[1, 0] ",10.0 ,0
RSVP_central_cue_between_letter_presentation ,69 ,8 , T1 , 0.0 ,18 ,S ,S ,1.0 ,0.0 ,"[-1, 0] ",10.0 ,0
RSVP_central_cue_between_letter_presentation ,70 ,8 , T1 , 0.0 ,22 ,U ,A ,0.0 ,-1.0 ,"[1, 0] ",3.0 ,0
RSVP_central_cue_between_letter_presentation ,71 ,8 , T1 , 0.0 ,6 ,A ,K ,0.0 ,2.0 ,"[-1, 0] ",10.0 ,0
RSVP_central_cue_between_letter_presentation ,72 ,8 , T1 , 0.0 ,14 ,J ,D ,0.0 ,2.0 ,"[-1, 0] ",10.0 ,0
RSVP_central_cue_between_letter_presentation ,73 ,8 , T1 , 0.0 ,10 ,N ,B ,0.0 ,3.0 ,"[-1, 0] ",10.0 ,0
RSVP_central_cue_between_letter_presentation ,74 ,8 , T1 , 0.0 ,22 ,Y ,Z ,0.0 ,3.0 ,"[1, 0] ",3.0 ,0
RSVP_central_cue_between_letter_presentation ,75 ,8 , T1 , 0.0 ,22 ,P ,O ,0.0 ,-5.0 ,"[-1, 0] ",3.0 ,0
RSVP_central_cue_between_letter_presentation ,76 ,8 , T1 , 0.0 ,18 ,H ,N ,0.0 ,-1.0 ,"[1, 0] ",10.0 ,0
RSVP_central_cue_between_letter_presentation ,77 ,8 , T1 , 0.0 ,22 ,T ,F ,0.0 ,3.0 ,"[-1, 0] ",10.0 ,0
RSVP_central_cue_between_letter_presentation ,78 ,8 , T1 , 0.0 ,6 ,J ,G ,0.0 ,1.0 ,"[-1, 0] ",3.0 ,0
RSVP_central_cue_between_letter_presentation ,79 ,8 , T1 , 0.0 ,22 ,U ,O ,0.0 ,-4.0 ,"[1, 0] ",3.0 ,0
RSVP_central_cue_between_letter_presentation ,80 ,8 , T1 , 0.0 ,18 ,L ,S ,0.0 ,-1.0 ,"[-1, 0] ",10.0 ,0
RSVP_central_cue_between_letter_presentation ,81 ,8 , T1 , 0.0 ,18 ,O ,B ,0.0 ,1.0 ,"[-1, 0] ",3.0 ,0
RSVP_central_cue_between_letter_presentation ,82 ,8 , T1 , 0.0 ,18 ,J ,Q ,0.0 ,1.0 ,"[1, 0] ",3.0 ,0
RSVP_central_cue_between_letter_presentation ,83 ,8 , T1 , 0.0 ,10 ,I ,K ,0.0 ,8.0 ,"[-1, 0] ",10.0 ,0
RSVP_central_cue_between_letter_presentation ,84 ,8 , T1 , 0.0 ,14 ,J ,A ,0.0 ,1.0 ,"[-1, 0] ",3.0 ,0
RSVP_central_cue_between_letter_presentation ,85 ,8 , T1 , 0.0 ,6 ,M ,B ,0.0 ,7.0 ,"[1, 0] ",3.0 ,0
RSVP_central_cue_between_letter_presentation ,86 ,8 , T1 , 0.0 ,10 ,N ,Z ,0.0 ,1.0 ,"[-1, 0] ",3.0 ,0
RSVP_central_cue_between_letter_presentation ,87 ,8 , T1 , 0.0 ,14 ,H ,O ,0.0 ,-6.0 ,"[1, 0] ",10.0 ,0
RSVP_central_cue_between_letter_presentation ,88 ,8 , T1 , 0.0 ,14 ,E ,J ,0.0 ,2.0 ,"[1, 0] ",10.0 ,0
RSVP_central_cue_between_letter_presentation ,89 ,8 , T1 , 0.0 ,14 ,A ,A ,1.0 ,0.0 ,"[1, 0] ",10.0 ,0
RSVP_central_cue_between_letter_presentation ,90 ,8 , T1 , 0.0 ,10 ,S ,S ,1.0 ,0.0 ,"[-1, 0] ",3.0 ,0
RSVP_central_cue_between_letter_presentation ,91 ,8 , T1 , 0.0 ,22 ,I ,J ,0.0 ,-1.0 ,"[1, 0] ",10.0 ,0
RSVP_central_cue_between_letter_presentation ,92 ,8 , T1 , 0.0 ,14 ,V ,V ,1.0 ,0.0 ,"[1, 0] ",3.0 ,0
RSVP_central_cue_between_letter_presentation ,93 ,8 , T1 , 0.0 ,22 ,I ,F ,0.0 ,2.0 ,"[-1, 0] ",10.0 ,0
RSVP_central_cue_between_letter_presentation ,94 ,8 , T1 , 0.0 ,22 ,G ,G ,1.0 ,0.0 ,"[-1, 0] ",3.0 ,0
RSVP_central_cue_between_letter_presentation ,95 ,8 , T1 , 0.0 ,22 ,X ,X ,1.0 ,0.0 ,"[1, 0] ",10.0 ,0
RSVP_central_cue_between_letter_presentation ,96 ,8 , T1 , 0.0 ,6 ,S ,R ,0.0 ,1.0 ,"[1, 0] ",3.0 ,0
RSVP_central_cue_between_letter_presentation ,97 ,8 , T1 , 0.0 ,6 ,D ,P ,0.0 ,1.0 ,"[1, 0] ",3.0 ,1
RSVP_central_cue_between_letter_presentation ,98 ,8 , T1 , 0.0 ,10 ,J ,S ,0.0 ,1.0 ,"[-1, 0] ",3.0 ,0
RSVP_central_cue_between_letter_presentation ,99 ,8 , T1 , 0.0 ,14 ,H ,J ,0.0 ,1.0 ,"[-1, 0] ",10.0 ,0
RSVP_central_cue_between_letter_presentation ,100 ,8 , T1 , 0.0 ,10 ,A ,A ,1.0 ,0.0 ,"[-1, 0] ",3.0 ,0
RSVP_central_cue_between_letter_presentation ,101 ,8 , T1 , 0.0 ,14 ,A ,A ,1.0 ,0.0 ,"[-1, 0] ",3.0 ,0
RSVP_central_cue_between_letter_presentation ,102 ,8 , T1 , 0.0 ,18 ,Z ,Z ,1.0 ,0.0 ,"[1, 0] ",3.0 ,0
RSVP_central_cue_between_letter_presentation ,103 ,8 , T1 , 0.0 ,6 ,F ,G ,0.0 ,16.0 ,"[-1, 0] ",10.0 ,0
RSVP_central_cue_between_letter_presentation ,104 ,8 , T1 , 0.0 ,6 ,O ,S ,0.0 ,3.0 ,"[1, 0] ",10.0 ,0
RSVP_central_cue_between_letter_presentation ,105 ,8 , T1 , 0.0 ,10 ,Z ,B ,0.0 ,-1.0 ,"[-1, 0] ",3.0 ,0
RSVP_central_cue_between_letter_presentation ,106 ,8 , T1 , 0.0 ,14 ,S ,X ,0.0 ,-1.0 ,"[1, 0] ",3.0 ,0
RSVP_central_cue_between_letter_presentation ,107 ,8 , T1 , 0.0 ,14 ,J ,I ,0.0 ,1.0 ,"[-1, 0] ",10.0 ,0
RSVP_central_cue_between_letter_presentation ,108 ,8 , T1 , 0.0 ,18 ,Z ,Z ,1.0 ,0.0 ,"[1, 0] ",10.0 ,0
RSVP_central_cue_between_letter_presentation ,109 ,8 , T1 , 0.0 ,22 ,S ,S ,1.0 ,0.0 ,"[1, 0] ",3.0 ,0
RSVP_central_cue_between_letter_presentation ,110 ,8 , T1 , 0.0 ,14 ,T ,S ,0.0 ,1.0 ,"[-1, 0] ",10.0 ,0
RSVP_central_cue_between_letter_presentation ,111 ,8 , T1 , 0.0 ,10 ,P ,D ,0.0 ,2.0 ,"[1, 0] ",3.0 ,0
RSVP_central_cue_between_letter_presentation ,112 ,8 , T1 , 0.0 ,14 ,L ,L ,1.0 ,0.0 ,"[1, 0] ",10.0 ,0
RSVP_central_cue_between_letter_presentation ,113 ,8 , T1 , 0.0 ,10 ,M ,M ,1.0 ,0.0 ,"[1, 0] ",3.0 ,1
RSVP_central_cue_between_letter_presentation ,114 ,8 , T1 , 0.0 ,18 ,V ,O ,0.0 ,-2.0 ,"[-1, 0] ",10.0 ,0
RSVP_central_cue_between_letter_presentation ,115 ,8 , T1 , 0.0 ,14 ,D ,Q ,0.0 ,-1.0 ,"[1, 0] ",3.0 ,0
RSVP_central_cue_between_letter_presentation ,116 ,8 , T1 , 0.0 ,14 ,Q ,Q ,1.0 ,0.0 ,"[1, 0] ",10.0 ,0
RSVP_central_cue_between_letter_presentation ,117 ,8 , T1 , 0.0 ,14 ,B ,A ,0.0 ,1.0 ,"[1, 0] ",10.0 ,0
RSVP_central_cue_between_letter_presentation ,118 ,8 , T1 , 0.0 ,14 ,U ,Z ,0.0 ,1.0 ,"[1, 0] ",3.0 ,0
RSVP_central_cue_between_letter_presentation ,119 ,8 , T1 , 0.0 ,10 ,S ,B ,0.0 ,15.0 ,"[1, 0] ",10.0 ,0
RSVP_central_cue_between_letter_presentation ,120 ,8 , T1 , 0.0 ,18 ,U ,S ,0.0 ,1.0 ,"[1, 0] ",10.0 ,0
RSVP_central_cue_between_letter_presentation ,121 ,8 , T1 , 0.0 ,10 ,N ,N ,1.0 ,0.0 ,"[-1, 0] ",3.0 ,0
RSVP_central_cue_between_letter_presentation ,122 ,8 , T1 , 0.0 ,10 ,C ,B ,0.0 ,11.0 ,"[-1, 0] ",10.0 ,0
RSVP_central_cue_between_letter_presentation ,123 ,8 , T1 , 0.0 ,10 ,M ,M ,1.0 ,0.0 ,"[-1, 0] ",3.0 ,0
RSVP_central_cue_between_letter_presentation ,124 ,8 , T1 , 0.0 ,6 ,P ,O ,0.0 ,-5.0 ,"[1, 0] ",10.0 ,0
RSVP_central_cue_between_letter_presentation ,125 ,8 , T1 , 0.0 ,6 ,X ,X ,1.0 ,0.0 ,"[1, 0] ",3.0 ,0
RSVP_central_cue_between_letter_presentation ,126 ,8 , T1 , 0.0 ,10 ,B ,B ,1.0 ,0.0 ,"[-1, 0] ",10.0 ,0
RSVP_central_cue_between_letter_presentation ,127 ,8 , T1 , 0.0 ,14 ,D ,D ,1.0 ,0.0 ,"[-1, 0] ",3.0 ,0
RSVP_central_cue_between_letter_presentation ,128 ,8 , T1 , 0.0 ,6 ,K ,P ,0.0 ,1.0 ,"[-1, 0] ",3.0 ,0
RSVP_central_cue_between_letter_presentation ,129 ,8 , T1 , 0.0 ,6 ,J ,J ,1.0 ,0.0 ,"[1, 0] ",10.0 ,0
RSVP_central_cue_between_letter_presentation ,130 ,8 , T1 , 0.0 ,14 ,Z ,C ,0.0 ,1.0 ,"[1, 0] ",3.0 ,0
RSVP_central_cue_between_letter_presentation ,131 ,8 , T1 , 0.0 ,22 ,J ,J ,1.0 ,0.0 ,"[1, 0] ",10.0 ,0
RSVP_central_cue_between_letter_presentation ,132 ,8 , T1 , 0.0 ,6 ,Q ,P ,0.0 ,-1.0 ,"[1, 0] ",10.0 ,0
RSVP_central_cue_between_letter_presentation ,133 ,8 , T1 , 0.0 ,6 ,J ,J ,1.0 ,0.0 ,"[1, 0] ",3.0 ,0
RSVP_central_cue_between_letter_presentation ,134 ,8 , T1 , 0.0 ,14 ,H ,H ,1.0 ,0.0 ,"[-1, 0] ",10.0 ,1
RSVP_central_cue_between_letter_presentation ,135 ,8 , T1 , 0.0 ,6 ,C ,K ,0.0 ,-1.0 ,"[-1, 0] ",3.0 ,0
RSVP_central_cue_between_letter_presentation ,136 ,8 , T1 , 0.0 ,18 ,H ,B ,0.0 ,-2.0 ,"[-1, 0] ",3.0 ,0
RSVP_central_cue_between_letter_presentation ,137 ,8 , T1 , 0.0 ,18 ,J ,T ,0.0 ,2.0 ,"[-1, 0] ",10.0 ,0
RSVP_central_cue_between_letter_presentation ,138 ,8 , T1 , 0.0 ,22 ,O ,S ,0.0 ,2.0 ,"[-1, 0] ",10.0 ,0
RSVP_central_cue_between_letter_presentation ,139 ,8 , T1 , 0.0 ,18 ,U ,F ,0.0 ,-1.0 ,"[-1, 0] ",3.0 ,0
RSVP_central_cue_between_letter_presentation ,140 ,8 , T1 , 0.0 ,22 ,J ,J ,1.0 ,0.0 ,"[-1, 0] ",10.0 ,0
RSVP_central_cue_between_letter_presentation ,141 ,8 , T1 , 0.0 ,22 ,U ,A ,0.0 ,2.0 ,"[-1, 0] ",3.0 ,0
RSVP_central_cue_between_letter_presentation ,142 ,8 , T1 , 0.0 ,22 ,O ,S ,0.0 ,1.0 ,"[1, 0] ",10.0 ,0
RSVP_central_cue_between_letter_presentation ,143 ,8 , T1 , 0.0 ,18 ,M ,X ,0.0 ,1.0 ,"[1, 0] ",10.0 ,0
RSVP_central_cue_between_letter_presentation ,144 ,8 , T1 , 0.0 ,10 ,Y ,Z ,0.0 ,1.0 ,"[-1, 0] ",3.0 ,0
RSVP_central_cue_between_letter_presentation ,145 ,8 , T1 , 0.0 ,22 ,A ,A ,1.0 ,0.0 ,"[-1, 0] ",3.0 ,0
RSVP_central_cue_between_letter_presentation ,146 ,8 , T1 , 0.0 ,14 ,H ,O ,0.0 ,-1.0 ,"[1, 0] ",10.0 ,0
RSVP_central_cue_between_letter_presentation ,147 ,8 , T1 , 0.0 ,22 ,N ,N ,1.0 ,0.0 ,"[1, 0] ",3.0 ,0
RSVP_central_cue_between_letter_presentation ,148 ,8 , T1 , 0.0 ,18 ,S ,S ,1.0 ,0.0 ,"[-1, 0] ",10.0 ,1
RSVP_central_cue_between_letter_presentation ,149 ,8 , T1 , 0.0 ,10 ,S ,S ,1.0 ,0.0 ,"[-1, 0] ",3.0 ,0
RSVP_central_cue_between_letter_presentation ,150 ,8 , T1 , 0.0 ,22 ,N ,P ,0.0 ,1.0 ,"[1, 0] ",10.0 ,0
RSVP_central_cue_between_letter_presentation ,151 ,8 , T1 , 0.0 ,22 ,I ,A ,0.0 ,-1.0 ,"[1, 0] ",10.0 ,0
RSVP_central_cue_between_letter_presentation ,152 ,8 , T1 , 0.0 ,22 ,M ,M ,1.0 ,0.0 ,"[1, 0] ",10.0 ,0
RSVP_central_cue_between_letter_presentation ,153 ,8 , T1 , 0.0 ,18 ,G ,S ,0.0 ,1.0 ,"[1, 0] ",3.0 ,0
RSVP_central_cue_between_letter_presentation ,154 ,8 , T1 , 0.0 ,6 ,N ,M ,0.0 ,6.0 ,"[-1, 0] ",10.0 ,0
RSVP_central_cue_between_letter_presentation ,155 ,8 , T1 , 0.0 ,14 ,M ,E ,0.0 ,3.0 ,"[-1, 0] ",10.0 ,0
RSVP_central_cue_between_letter_presentation ,156 ,8 , T1 , 0.0 ,6 ,E ,P ,0.0 ,2.0 ,"[-1, 0] ",10.0 ,0
RSVP_central_cue_between_letter_presentation ,157 ,8 , T1 , 0.0 ,6 ,W ,E ,0.0 ,3.0 ,"[-1, 0] ",10.0 ,0
RSVP_central_cue_between_letter_presentation ,158 ,8 , T1 , 0.0 ,18 ,L ,Z ,0.0 ,1.0 ,"[-1, 0] ",10.0 ,0
RSVP_central_cue_between_letter_presentation ,159 ,8 , T1 , 0.0 ,6 ,K ,E ,0.0 ,2.0 ,"[-1, 0] ",10.0 ,0
RSVP_central_cue_between_letter_presentation ,160 ,8 , T1 , 0.0 ,18 ,S ,B ,0.0 ,-1.0 ,"[1, 0] ",3.0 ,0
RSVP_central_cue_between_letter_presentation ,161 ,8 , T1 , 0.0 ,6 ,E ,Z ,0.0 ,4.0 ,"[-1, 0] ",10.0 ,0
RSVP_central_cue_between_letter_presentation ,162 ,8 , T1 , 0.0 ,6 ,D ,G ,0.0 ,1.0 ,"[-1, 0] ",3.0 ,1
RSVP_central_cue_between_letter_presentation ,163 ,8 , T1 , 0.0 ,18 ,L ,A ,0.0 ,2.0 ,"[-1, 0] ",3.0 ,0
RSVP_central_cue_between_letter_presentation ,164 ,8 , T1 , 0.0 ,18 ,T ,F ,0.0 ,-2.0 ,"[-1, 0] ",3.0 ,0
RSVP_central_cue_between_letter_presentation ,165 ,8 , T1 , 0.0 ,18 ,V ,B ,0.0 ,1.0 ,"[1, 0] ",10.0 ,0
RSVP_central_cue_between_letter_presentation ,166 ,8 , T1 , 0.0 ,14 ,X ,A ,0.0 ,-1.0 ,"[1, 0] ",10.0 ,0
RSVP_central_cue_between_letter_presentation ,167 ,8 , T1 , 0.0 ,6 ,F ,P ,0.0 ,17.0 ,"[-1, 0] ",3.0 ,0
RSVP_central_cue_between_letter_presentation ,168 ,8 , T1 , 0.0 ,14 ,S ,S ,1.0 ,0.0 ,"[-1, 0] ",3.0 ,0
RSVP_central_cue_between_letter_presentation ,169 ,8 , T1 , 0.0 ,10 ,A ,O ,0.0 ,-2.0 ,"[1, 0] ",10.0 ,0
RSVP_central_cue_between_letter_presentation ,170 ,8 , T1 , 0.0 ,18 ,T ,A ,0.0 ,-1.0 ,"[-1, 0] ",3.0 ,0
RSVP_central_cue_between_letter_presentation ,171 ,8 , T1 , 0.0 ,6 ,L ,I ,0.0 ,14.0 ,"[1, 0] ",10.0 ,0
RSVP_central_cue_between_letter_presentation ,172 ,8 , T1 , 0.0 ,18 ,D ,P ,0.0 ,-7.0 ,"[-1, 0] ",3.0 ,0
RSVP_central_cue_between_letter_presentation ,173 ,8 , T1 , 0.0 ,6 ,Q ,F ,0.0 ,1.0 ,"[1, 0] ",3.0 ,0
RSVP_central_cue_between_letter_presentation ,174 ,8 , T1 , 0.0 ,18 ,T ,F ,0.0 ,-6.0 ,"[-1, 0] ",3.0 ,0
RSVP_central_cue_between_letter_presentation ,175 ,8 , T1 , 0.0 ,14 ,F ,E ,0.0 ,-1.0 ,"[-1, 0] ",10.0 ,0
RSVP_central_cue_between_letter_presentation ,176 ,8 , T1 , 0.0 ,6 ,Q ,B ,0.0 ,2.0 ,"[1, 0] ",3.0 ,0
RSVP_central_cue_between_letter_presentation ,177 ,8 , T1 , 0.0 ,6 ,H ,P ,0.0 ,1.0 ,"[1, 0] ",3.0 ,0
RSVP_central_cue_between_letter_presentation ,178 ,8 , T1 , 0.0 ,14 ,T ,L ,0.0 ,1.0 ,"[-1, 0] ",3.0 ,0
RSVP_central_cue_between_letter_presentation ,179 ,8 , T1 , 0.0 ,18 ,S ,S ,1.0 ,0.0 ,"[-1, 0] ",3.0 ,0
RSVP_central_cue_between_letter_presentation ,180 ,8 , T1 , 0.0 ,10 ,O ,P ,0.0 ,1.0 ,"[-1, 0] ",3.0 ,0
RSVP_central_cue_between_letter_presentation ,181 ,8 , T1 , 0.0 ,22 ,G ,G ,1.0 ,0.0 ,"[1, 0] ",10.0 ,0
RSVP_central_cue_between_letter_presentation ,182 ,8 , T1 , 0.0 ,10 ,X ,S ,0.0 ,2.0 ,"[-1, 0] ",10.0 ,0
RSVP_central_cue_between_letter_presentation ,183 ,8 , T1 , 0.0 ,10 ,P ,R ,0.0 ,-1.0 ,"[-1, 0] ",10.0 ,0
RSVP_central_cue_between_letter_presentation ,184 ,8 , T1 , 0.0 ,18 ,L ,A ,0.0 ,-2.0 ,"[-1, 0] ",3.0 ,0
RSVP_central_cue_between_letter_presentation ,185 ,8 , T1 , 0.0 ,14 ,M ,M ,1.0 ,0.0 ,"[-1, 0] ",10.0 ,0
RSVP_central_cue_between_letter_presentation ,186 ,8 , T1 , 0.0 ,22 ,O ,K ,0.0 ,-1.0 ,"[1, 0] ",3.0 ,0
RSVP_central_cue_between_letter_presentation ,187 ,8 , T1 , 0.0 ,10 ,K ,J ,0.0 ,-1.0 ,"[1, 0] ",10.0 ,0
RSVP_central_cue_between_letter_presentation ,188 ,8 , T1 , 0.0 ,18 ,A ,A ,1.0 ,0.0 ,"[1, 0] ",3.0 ,0
RSVP_central_cue_between_letter_presentation ,189 ,8 , T1 , 0.0 ,22 ,C ,P ,0.0 ,2.0 ,"[1, 0] ",10.0 ,0
RSVP_central_cue_between_letter_presentation ,190 ,8 , T1 , 0.0 ,14 ,V ,X ,0.0 ,2.0 ,"[-1, 0] ",10.0 ,0
RSVP_central_cue_between_letter_presentation ,191 ,8 , T1 , 0.0 ,14 ,B ,B ,1.0 ,0.0 ,"[-1, 0] ",3.0 ,0
RSVP_central_cue_between_letter_presentation ,192 ,8 , T1 , 0.0 ,14 ,B ,B ,1.0 ,0.0 ,"[-1, 0] ",10.0 ,0
RSVP_central_cue_between_letter_presentation ,193 ,8 , T1 , 0.0 ,10 ,I ,P ,0.0 ,-2.0 ,"[1, 0] ",10.0 ,0
RSVP_central_cue_between_letter_presentation ,194 ,8 , T1 , 0.0 ,14 ,O ,C ,0.0 ,-1.0 ,"[1, 0] ",3.0 ,0
RSVP_central_cue_between_letter_presentation ,195 ,8 , T1 , 0.0 ,18 ,N ,S ,0.0 ,2.0 ,"[-1, 0] ",10.0 ,0
RSVP_central_cue_between_letter_presentation ,196 ,8 , T1 , 0.0 ,6 ,S ,K ,0.0 ,1.0 ,"[1, 0] ",3.0 ,0
RSVP_central_cue_between_letter_presentation ,197 ,8 , T1 , 0.0 ,6 ,F ,S ,0.0 ,3.0 ,"[-1, 0] ",10.0 ,0
RSVP_central_cue_between_letter_presentation ,198 ,8 , T1 , 0.0 ,10 ,B ,B ,1.0 ,0.0 ,"[-1, 0] ",3.0 ,0
RSVP_central_cue_between_letter_presentation ,199 ,8 , T1 , 0.0 ,14 ,O ,A ,0.0 ,2.0 ,"[-1, 0] ",10.0 ,0
RSVP_central_cue_between_letter_presentation ,200 ,8 , T1 , 0.0 ,10 ,V ,J ,0.0 ,1.0 ,"[1, 0] ",3.0 ,0
RSVP_central_cue_between_letter_presentation ,201 ,8 , T1 , 0.0 ,22 ,P ,P ,1.0 ,0.0 ,"[-1, 0] ",3.0 ,1
RSVP_central_cue_between_letter_presentation ,202 ,8 , T1 , 0.0 ,22 ,T ,K ,0.0 ,-6.0 ,"[1, 0] ",10.0 ,0
RSVP_central_cue_between_letter_presentation ,203 ,8 , T1 , 0.0 ,14 ,X ,W ,0.0 ,1.0 ,"[-1, 0] ",3.0 ,0
RSVP_central_cue_between_letter_presentation ,204 ,8 , T1 , 0.0 ,14 ,P ,P ,1.0 ,0.0 ,"[1, 0] ",3.0 ,0
RSVP_central_cue_between_letter_presentation ,205 ,8 , T1 , 0.0 ,10 ,D ,B ,0.0 ,1.0 ,"[1, 0] ",10.0 ,0
RSVP_central_cue_between_letter_presentation ,206 ,8 , T1 , 0.0 ,6 ,W ,K ,0.0 ,1.0 ,"[1, 0] ",3.0 ,0
RSVP_central_cue_between_letter_presentation ,207 ,8 , T1 , 0.0 ,18 ,B ,B ,1.0 ,0.0 ,"[1, 0] ",10.0 ,0
RSVP_central_cue_between_letter_presentation ,208 ,8 , T1 , 0.0 ,6 ,W ,B ,0.0 ,17.0 ,"[-1, 0] ",10.0 ,0
RSVP_central_cue_between_letter_presentation ,209 ,8 , T1 , 0.0 ,22 ,D ,K ,0.0 ,-4.0 ,"[1, 0] ",3.0 ,0
RSVP_central_cue_between_letter_presentation ,210 ,8 , T1 , 0.0 ,14 ,G ,D ,0.0 ,1.0 ,"[-1, 0] ",3.0 ,0
RSVP_central_cue_between_letter_presentation ,211 ,8 , T1 , 0.0 ,10 ,N ,Z ,0.0 ,-1.0 ,"[-1, 0] ",10.0 ,0
RSVP_central_cue_between_letter_presentation ,212 ,8 , T1 , 0.0 ,22 ,H ,K ,0.0 ,-2.0 ,"[-1, 0] ",10.0 ,0
RSVP_central_cue_between_letter_presentation ,213 ,8 , T1 , 0.0 ,10 ,G ,A ,0.0 ,2.0 ,"[-1, 0] ",10.0 ,0
RSVP_central_cue_between_letter_presentation ,214 ,8 , T1 , 0.0 ,14 ,D ,U ,0.0 ,2.0 ,"[-1, 0] ",3.0 ,0
RSVP_central_cue_between_letter_presentation ,215 ,8 , T1 , 0.0 ,10 ,E ,K ,0.0 ,12.0 ,"[1, 0] ",3.0 ,0
RSVP_central_cue_between_letter_presentation ,216 ,8 , T1 , 0.0 ,22 ,I ,Z ,0.0 ,1.0 ,"[-1, 0] ",3.0 ,0
RSVP_central_cue_between_letter_presentation ,217 ,8 , T1 , 0.0 ,6 ,A ,W ,0.0 ,10.0 ,"[-1, 0] ",10.0 ,0
RSVP_central_cue_between_letter_presentation ,218 ,8 , T1 , 0.0 ,22 ,C ,G ,0.0 ,-2.0 ,"[-1, 0] ",10.0 ,0
RSVP_central_cue_between_letter_presentation ,219 ,8 , T1 , 0.0 ,22 ,M ,M ,1.0 ,0.0 ,"[1, 0] ",10.0 ,0
RSVP_central_cue_between_letter_presentation ,220 ,8 , T1 , 0.0 ,10 ,U ,G ,0.0 ,5.0 ,"[-1, 0] ",10.0 ,0
RSVP_central_cue_between_letter_presentation ,221 ,8 , T1 , 0.0 ,14 ,W ,V ,0.0 ,-1.0 ,"[1, 0] ",10.0 ,0
RSVP_central_cue_between_letter_presentation ,222 ,8 , T1 , 0.0 ,22 ,A ,E ,0.0 ,-2.0 ,"[1, 0] ",3.0 ,0
RSVP_central_cue_between_letter_presentation ,223 ,8 , T1 , 0.0 ,18 ,W ,S ,0.0 ,1.0 ,"[-1, 0] ",10.0 ,0
RSVP_central_cue_between_letter_presentation ,224 ,8 , T1 , 0.0 ,6 ,K ,K ,1.0 ,0.0 ,"[-1, 0] ",3.0 ,0
RSVP_central_cue_between_letter_presentation ,225 ,8 , T1 , 0.0 ,22 ,R ,K ,0.0 ,-13.0 ,"[1, 0] ",3.0 ,0
RSVP_central_cue_between_letter_presentation ,226 ,8 , T1 , 0.0 ,6 ,G ,S ,0.0 ,2.0 ,"[1, 0] ",10.0 ,0
RSVP_central_cue_between_letter_presentation ,227 ,8 , T1 , 0.0 ,18 ,R ,A ,0.0 ,2.0 ,"[1, 0] ",10.0 ,0
RSVP_central_cue_between_letter_presentation ,228 ,8 , T1 , 0.0 ,18 ,M ,T ,0.0 ,1.0 ,"[-1, 0] ",10.0 ,0
RSVP_central_cue_between_letter_presentation ,229 ,8 , T1 , 0.0 ,6 ,O ,M ,0.0 ,4.0 ,"[-1, 0] ",3.0 ,0
RSVP_central_cue_between_letter_presentation ,230 ,8 , T1 , 0.0 ,14 ,O ,V ,0.0 ,11.0 ,"[1, 0] ",3.0 ,0
RSVP_central_cue_between_letter_presentation ,231 ,8 , T1 , 0.0 ,22 ,H ,L ,0.0 ,1.0 ,"[-1, 0] ",3.0 ,0
RSVP_central_cue_between_letter_presentation ,232 ,8 , T1 , 0.0 ,18 ,V ,F ,0.0 ,1.0 ,"[1, 0] ",3.0 ,0
RSVP_central_cue_between_letter_presentation ,233 ,8 , T1 , 0.0 ,6 ,Y ,Q ,0.0 ,2.0 ,"[1, 0] ",10.0 ,0
RSVP_central_cue_between_letter_presentation ,234 ,8 , T1 , 0.0 ,6 ,R ,B ,0.0 ,-1.0 ,"[1, 0] ",10.0 ,0
RSVP_central_cue_between_letter_presentation ,235 ,8 , T1 , 0.0 ,18 ,K ,S ,0.0 ,1.0 ,"[1, 0] ",10.0 ,0
RSVP_central_cue_between_letter_presentation ,236 ,8 , T1 , 0.0 ,10 ,M ,J ,0.0 ,-1.0 ,"[1, 0] ",10.0 ,0
RSVP_central_cue_between_letter_presentation ,237 ,8 , T1 , 0.0 ,14 ,I ,A ,0.0 ,-1.0 ,"[-1, 0] ",10.0 ,0
RSVP_central_cue_between_letter_presentation ,238 ,8 , T1 , 0.0 ,14 ,V ,V ,1.0 ,0.0 ,"[1, 0] ",3.0 ,0
RSVP_central_cue_between_letter_presentation ,239 ,8 , T1 , 0.0 ,6 ,B ,P ,0.0 ,1.0 ,"[1, 0] ",3.0 ,0
RSVP_central_cue_between_letter_presentation ,240 ,8 , T1 , 0.0 ,14 ,C ,S ,0.0 ,2.0 ,"[1, 0] ",10.0 ,0
RSVP_central_cue_between_letter_presentation ,241 ,8 , T1 , 0.0 ,14 ,N ,D ,0.0 ,1.0 ,"[1, 0] ",3.0 ,0
RSVP_central_cue_between_letter_presentation ,242 ,8 , T1 , 0.0 ,18 ,O ,S ,0.0 ,-1.0 ,"[1, 0] ",10.0 ,0
RSVP_central_cue_between_letter_presentation ,243 ,8 , T1 , 0.0 ,6 ,C ,Q ,0.0 ,1.0 ,"[-1, 0] ",10.0 ,0
RSVP_central_cue_between_letter_presentation ,244 ,8 , T1 , 0.0 ,10 ,J ,S ,0.0 ,-3.0 ,"[1, 0] ",10.0 ,0
RSVP_central_cue_between_letter_presentation ,245 ,8 , T1 , 0.0 ,10 ,T ,V ,0.0 ,-4.0 ,"[1, 0] ",3.0 ,0
RSVP_central_cue_between_letter_presentation ,246 ,8 , T1 , 0.0 ,14 ,Q ,X ,0.0 ,1.0 ,"[-1, 0] ",10.0 ,0
RSVP_central_cue_between_letter_presentation ,247 ,8 , T1 , 0.0 ,22 ,D ,O ,0.0 ,2.0 ,"[-1, 0] ",10.0 ,0
RSVP_central_cue_between_letter_presentation ,248 ,8 , T1 , 0.0 ,14 ,B ,B ,1.0 ,0.0 ,"[-1, 0] ",3.0 ,0
RSVP_central_cue_between_letter_presentation ,249 ,8 , T1 , 0.0 ,6 ,X ,X ,1.0 ,0.0 ,"[1, 0] ",10.0 ,0
RSVP_central_cue_between_letter_presentation ,250 ,8 , T1 , 0.0 ,6 ,W ,W ,1.0 ,0.0 ,"[1, 0] ",3.0 ,0
RSVP_central_cue_between_letter_presentation ,251 ,8 , T1 , 0.0 ,6 ,P ,B ,0.0 ,-1.0 ,"[1, 0] ",10.0 ,0
RSVP_central_cue_between_letter_presentation ,252 ,8 , T1 , 0.0 ,22 ,V ,T ,0.0 ,2.0 ,"[-1, 0] ",3.0 ,0
RSVP_central_cue_between_letter_presentation ,253 ,8 , T1 , 0.0 ,10 ,H ,J ,0.0 ,3.0 ,"[-1, 0] ",10.0 ,0
RSVP_central_cue_between_letter_presentation ,254 ,8 , T1 , 0.0 ,14 ,K ,Z ,0.0 ,1.0 ,"[-1, 0] ",3.0 ,0
RSVP_central_cue_between_letter_presentation ,255 ,8 , T1 , 0.0 ,14 ,Z ,S ,0.0 ,2.0 ,"[1, 0] ",3.0 ,0
RSVP_central_cue_between_letter_presentation ,256 ,8 , T1 , 0.0 ,6 ,S ,S ,1.0 ,0.0 ,"[-1, 0] ",10.0 ,0
RSVP_central_cue_between_letter_presentation ,257 ,8 , T1 , 0.0 ,22 ,F ,F ,1.0 ,0.0 ,"[1, 0] ",10.0 ,0
RSVP_central_cue_between_letter_presentation ,258 ,8 , T1 , 0.0 ,14 ,X ,E ,0.0 ,-1.0 ,"[1, 0] ",10.0 ,0
RSVP_central_cue_between_letter_presentation ,259 ,8 , T1 , 0.0 ,22 ,Q ,M ,0.0 ,-6.0 ,"[-1, 0] ",10.0 ,0
RSVP_central_cue_between_letter_presentation ,260 ,8 , T1 , 0.0 ,18 ,P ,B ,0.0 ,-6.0 ,"[-1, 0] ",10.0 ,0
RSVP_central_cue_between_letter_presentation ,261 ,8 , T1 , 0.0 ,6 ,F ,P ,0.0 ,1.0 ,"[-1, 0] ",3.0 ,1
RSVP_central_cue_between_letter_presentation ,262 ,8 , T1 , 0.0 ,18 ,G ,S ,0.0 ,2.0 ,"[-1, 0] ",10.0 ,0
RSVP_central_cue_between_letter_presentation ,263 ,8 , T1 , 0.0 ,10 ,A ,F ,0.0 ,2.0 ,"[-1, 0] ",10.0 ,0
RSVP_central_cue_between_letter_presentation ,264 ,8 , T1 , 0.0 ,10 ,V ,N ,0.0 ,1.0 ,"[1, 0] ",3.0 ,0
RSVP_central_cue_between_letter_presentation ,265 ,8 , T1 , 0.0 ,22 ,D ,P ,0.0 ,-6.0 ,"[-1, 0] ",3.0 ,0
RSVP_central_cue_between_letter_presentation ,266 ,8 , T1 , 0.0 ,22 ,O ,B ,0.0 ,-5.0 ,"[-1, 0] ",10.0 ,0
RSVP_central_cue_between_letter_presentation ,267 ,8 , T1 , 0.0 ,14 ,S ,K ,0.0 ,2.0 ,"[-1, 0] ",3.0 ,0
RSVP_central_cue_between_letter_presentation ,268 ,8 , T1 , 0.0 ,14 ,B ,B ,1.0 ,0.0 ,"[-1, 0] ",3.0 ,0
RSVP_central_cue_between_letter_presentation ,269 ,8 , T1 , 0.0 ,10 ,Y ,X ,0.0 ,1.0 ,"[-1, 0] ",10.0 ,0
RSVP_central_cue_between_letter_presentation ,270 ,8 , T1 , 0.0 ,18 ,U ,O ,0.0 ,-14.0 ,"[1, 0] ",10.0 ,0
RSVP_central_cue_between_letter_presentation ,271 ,8 , T1 , 0.0 ,18 ,A ,Q ,0.0 ,3.0 ,"[1, 0] ",3.0 ,0
RSVP_central_cue_between_letter_presentation ,272 ,8 , T1 , 0.0 ,18 ,F ,Z ,0.0 ,-8.0 ,"[-1, 0] ",10.0 ,0
RSVP_central_cue_between_letter_presentation ,273 ,8 , T1 , 0.0 ,14 ,Z ,X ,0.0 ,-6.0 ,"[1, 0] ",10.0 ,0
RSVP_central_cue_between_letter_presentation ,274 ,8 , T1 , 0.0 ,22 ,A ,B ,0.0 ,-2.0 ,"[1, 0] ",10.0 ,0
RSVP_central_cue_between_letter_presentation ,275 ,8 , T1 , 0.0 ,18 ,L ,L ,1.0 ,0.0 ,"[1, 0] ",3.0 ,0
RSVP_central_cue_between_letter_presentation ,276 ,8 , T1 , 0.0 ,10 ,I ,K ,0.0 ,1.0 ,"[-1, 0] ",3.0 ,0
RSVP_central_cue_between_letter_presentation ,277 ,8 , T1 , 0.0 ,10 ,N ,A ,0.0 ,1.0 ,"[1, 0] ",10.0 ,0
RSVP_central_cue_between_letter_presentation ,278 ,8 , T1 , 0.0 ,6 ,R ,P ,0.0 ,2.0 ,"[1, 0] ",10.0 ,0
RSVP_central_cue_between_letter_presentation ,279 ,8 , T1 , 0.0 ,22 ,I ,E ,0.0 ,-1.0 ,"[-1, 0] ",10.0 ,0
