experimentPhase,trialnum,subject,task,noisePercent,answerPos0,answer0,response0,correct0,responsePosRelative0,cueSpatialPos1,cueEccentricity1,timingBlips
RSVP_spatial_cue_replication ,0 ,3 , T1 , 0.0 ,6 ,V ,S ,0.0 ,1.0 ,"[-1, 0] ",2 ,0
RSVP_spatial_cue_replication ,1 ,3 , T1 , 0.0 ,6 ,T ,T ,1.0 ,0.0 ,"[-1, 0] ",10 ,0
RSVP_spatial_cue_replication ,2 ,3 , T1 , 0.0 ,22 ,S ,S ,1.0 ,0.0 ,"[1, 0] ",2 ,0
RSVP_spatial_cue_replication ,3 ,3 , T1 , 0.0 ,18 ,B ,B ,1.0 ,0.0 ,"[-1, 0] ",10 ,0
RSVP_spatial_cue_replication ,4 ,3 , T1 , 0.0 ,10 ,R ,K ,0.0 ,1.0 ,"[-1, 0] ",10 ,0
RSVP_spatial_cue_replication ,5 ,3 , T1 , 0.0 ,10 ,C ,F ,0.0 ,1.0 ,"[1, 0] ",2 ,0
RSVP_spatial_cue_replication ,6 ,3 , T1 , 0.0 ,22 ,Q ,P ,0.0 ,1.0 ,"[1, 0] ",2 ,0
RSVP_spatial_cue_replication ,7 ,3 , T1 , 0.0 ,10 ,Y ,G ,0.0 ,2.0 ,"[-1, 0] ",10 ,0
RSVP_spatial_cue_replication ,8 ,3 , T1 , 0.0 ,18 ,M ,M ,1.0 ,0.0 ,"[-1, 0] ",10 ,0
RSVP_spatial_cue_replication ,9 ,3 , T1 , 0.0 ,14 ,T ,M ,0.0 ,-1.0 ,"[-1, 0] ",10 ,0
RSVP_spatial_cue_replication ,10 ,3 , T1 , 0.0 ,10 ,C ,G ,0.0 ,1.0 ,"[-1, 0] ",10 ,0
RSVP_spatial_cue_replication ,11 ,3 , T1 , 0.0 ,10 ,J ,C ,0.0 ,-1.0 ,"[-1, 0] ",10 ,0
RSVP_spatial_cue_replication ,12 ,3 , T1 , 0.0 ,18 ,C ,M ,0.0 ,-1.0 ,"[1, 0] ",10 ,0
RSVP_spatial_cue_replication ,13 ,3 , T1 , 0.0 ,18 ,Q ,P ,0.0 ,-1.0 ,"[1, 0] ",10 ,0
RSVP_spatial_cue_replication ,14 ,3 , T1 , 0.0 ,14 ,C ,A ,0.0 ,-1.0 ,"[1, 0] ",10 ,0
RSVP_spatial_cue_replication ,15 ,3 , T1 , 0.0 ,18 ,H ,H ,1.0 ,0.0 ,"[1, 0] ",2 ,0
RSVP_spatial_cue_replication ,16 ,3 , T1 , 0.0 ,10 ,G ,S ,0.0 ,2.0 ,"[1, 0] ",10 ,0
RSVP_spatial_cue_replication ,17 ,3 , T1 , 0.0 ,22 ,N ,P ,0.0 ,-2.0 ,"[-1, 0] ",2 ,0
RSVP_spatial_cue_replication ,18 ,3 , T1 , 0.0 ,22 ,B ,B ,1.0 ,0.0 ,"[-1, 0] ",2 ,0
RSVP_spatial_cue_replication ,19 ,3 , T1 , 0.0 ,22 ,S ,S ,1.0 ,0.0 ,"[1, 0] ",10 ,0
RSVP_spatial_cue_replication ,20 ,3 , T1 , 0.0 ,10 ,P ,E ,0.0 ,1.0 ,"[-1, 0] ",2 ,0
RSVP_spatial_cue_replication ,21 ,3 , T1 , 0.0 ,6 ,M ,Q ,0.0 ,-1.0 ,"[1, 0] ",10 ,0
RSVP_spatial_cue_replication ,22 ,3 , T1 , 0.0 ,14 ,K ,B ,0.0 ,-1.0 ,"[1, 0] ",10 ,0
RSVP_spatial_cue_replication ,23 ,3 , T1 , 0.0 ,10 ,W ,F ,0.0 ,1.0 ,"[-1, 0] ",10 ,0
RSVP_spatial_cue_replication ,24 ,3 , T1 , 0.0 ,10 ,W ,Z ,0.0 ,1.0 ,"[-1, 0] ",10 ,0
RSVP_spatial_cue_replication ,25 ,3 , T1 , 0.0 ,6 ,K ,K ,1.0 ,0.0 ,"[1, 0] ",10 ,0
RSVP_spatial_cue_replication ,26 ,3 , T1 , 0.0 ,22 ,O ,V ,0.0 ,-1.0 ,"[1, 0] ",10 ,0
RSVP_spatial_cue_replication ,27 ,3 , T1 , 0.0 ,22 ,F ,F ,1.0 ,0.0 ,"[1, 0] ",10 ,0
RSVP_spatial_cue_replication ,28 ,3 , T1 , 0.0 ,10 ,V ,X ,0.0 ,-1.0 ,"[1, 0] ",10 ,0
RSVP_spatial_cue_replication ,29 ,3 , T1 , 0.0 ,18 ,P ,A ,0.0 ,1.0 ,"[-1, 0] ",2 ,0
RSVP_spatial_cue_replication ,30 ,3 , T1 , 0.0 ,6 ,X ,V ,0.0 ,1.0 ,"[-1, 0] ",2 ,0
RSVP_spatial_cue_replication ,31 ,3 , T1 , 0.0 ,6 ,Q ,F ,0.0 ,2.0 ,"[1, 0] ",2 ,0
RSVP_spatial_cue_replication ,32 ,3 , T1 , 0.0 ,18 ,N ,N ,1.0 ,0.0 ,"[-1, 0] ",2 ,0
RSVP_spatial_cue_replication ,33 ,3 , T1 , 0.0 ,14 ,N ,A ,0.0 ,-2.0 ,"[1, 0] ",2 ,0
RSVP_spatial_cue_replication ,34 ,3 , T1 , 0.0 ,18 ,U ,L ,0.0 ,1.0 ,"[1, 0] ",2 ,1
RSVP_spatial_cue_replication ,35 ,3 , T1 , 0.0 ,10 ,E ,T ,0.0 ,-3.0 ,"[-1, 0] ",2 ,0
RSVP_spatial_cue_replication ,36 ,3 , T1 , 0.0 ,10 ,D ,S ,0.0 ,1.0 ,"[-1, 0] ",10 ,0
RSVP_spatial_cue_replication ,37 ,3 , T1 , 0.0 ,22 ,N ,U ,0.0 ,-2.0 ,"[-1, 0] ",10 ,0
RSVP_spatial_cue_replication ,38 ,3 , T1 , 0.0 ,14 ,X ,A ,0.0 ,1.0 ,"[-1, 0] ",10 ,0
RSVP_spatial_cue_replication ,39 ,3 , T1 , 0.0 ,22 ,U ,H ,0.0 ,-1.0 ,"[1, 0] ",10 ,0
RSVP_spatial_cue_replication ,40 ,3 , T1 , 0.0 ,10 ,V ,S ,0.0 ,1.0 ,"[1, 0] ",10 ,0
RSVP_spatial_cue_replication ,41 ,3 , T1 , 0.0 ,6 ,D ,X ,0.0 ,1.0 ,"[-1, 0] ",2 ,0
RSVP_spatial_cue_replication ,42 ,3 , T1 , 0.0 ,14 ,I ,S ,0.0 ,-1.0 ,"[-1, 0] ",2 ,0
RSVP_spatial_cue_replication ,43 ,3 , T1 , 0.0 ,18 ,H ,H ,1.0 ,0.0 ,"[1, 0] ",2 ,0
RSVP_spatial_cue_replication ,44 ,3 , T1 , 0.0 ,10 ,S ,Z ,0.0 ,1.0 ,"[1, 0] ",2 ,0
RSVP_spatial_cue_replication ,45 ,3 , T1 , 0.0 ,14 ,F ,F ,1.0 ,0.0 ,"[-1, 0] ",2 ,0
RSVP_spatial_cue_replication ,46 ,3 , T1 , 0.0 ,18 ,R ,R ,1.0 ,0.0 ,"[1, 0] ",2 ,0
RSVP_spatial_cue_replication ,47 ,3 , T1 , 0.0 ,22 ,B ,B ,1.0 ,0.0 ,"[1, 0] ",2 ,0
RSVP_spatial_cue_replication ,48 ,3 , T1 , 0.0 ,6 ,P ,B ,0.0 ,1.0 ,"[-1, 0] ",2 ,0
RSVP_spatial_cue_replication ,49 ,3 , T1 , 0.0 ,14 ,E ,E ,1.0 ,0.0 ,"[1, 0] ",2 ,0
RSVP_spatial_cue_replication ,50 ,3 , T1 , 0.0 ,6 ,P ,A ,0.0 ,2.0 ,"[1, 0] ",10 ,0
RSVP_spatial_cue_replication ,51 ,3 , T1 , 0.0 ,22 ,H ,Z ,0.0 ,-1.0 ,"[1, 0] ",2 ,0
RSVP_spatial_cue_replication ,52 ,3 , T1 , 0.0 ,14 ,W ,W ,1.0 ,0.0 ,"[-1, 0] ",2 ,0
RSVP_spatial_cue_replication ,53 ,3 , T1 , 0.0 ,6 ,X ,X ,1.0 ,0.0 ,"[1, 0] ",2 ,0
RSVP_spatial_cue_replication ,54 ,3 , T1 , 0.0 ,14 ,J ,J ,1.0 ,0.0 ,"[1, 0] ",2 ,0
RSVP_spatial_cue_replication ,55 ,3 , T1 , 0.0 ,18 ,J ,N ,0.0 ,-1.0 ,"[-1, 0] ",2 ,0
RSVP_spatial_cue_replication ,56 ,3 , T1 , 0.0 ,14 ,W ,R ,0.0 ,-1.0 ,"[1, 0] ",2 ,0
RSVP_spatial_cue_replication ,57 ,3 , T1 , 0.0 ,18 ,W ,W ,1.0 ,0.0 ,"[-1, 0] ",2 ,0
RSVP_spatial_cue_replication ,58 ,3 , T1 , 0.0 ,6 ,I ,B ,0.0 ,-1.0 ,"[1, 0] ",2 ,0
RSVP_spatial_cue_replication ,59 ,3 , T1 , 0.0 ,14 ,W ,E ,0.0 ,1.0 ,"[1, 0] ",2 ,0
RSVP_spatial_cue_replication ,60 ,3 , T1 , 0.0 ,22 ,S ,S ,1.0 ,0.0 ,"[-1, 0] ",2 ,0
RSVP_spatial_cue_replication ,61 ,3 , T1 , 0.0 ,18 ,M ,M ,1.0 ,0.0 ,"[-1, 0] ",10 ,0
RSVP_spatial_cue_replication ,62 ,3 , T1 , 0.0 ,22 ,P ,P ,1.0 ,0.0 ,"[1, 0] ",2 ,0
RSVP_spatial_cue_replication ,63 ,3 , T1 , 0.0 ,10 ,M ,W ,0.0 ,1.0 ,"[1, 0] ",10 ,0
RSVP_spatial_cue_replication ,64 ,3 , T1 , 0.0 ,22 ,S ,S ,1.0 ,0.0 ,"[-1, 0] ",2 ,0
RSVP_spatial_cue_replication ,65 ,3 , T1 , 0.0 ,10 ,U ,A ,0.0 ,2.0 ,"[-1, 0] ",2 ,0
RSVP_spatial_cue_replication ,66 ,3 , T1 , 0.0 ,22 ,V ,I ,0.0 ,-1.0 ,"[1, 0] ",10 ,0
RSVP_spatial_cue_replication ,67 ,3 , T1 , 0.0 ,18 ,L ,O ,0.0 ,-1.0 ,"[-1, 0] ",10 ,0
RSVP_spatial_cue_replication ,68 ,3 , T1 , 0.0 ,22 ,K ,P ,0.0 ,-1.0 ,"[1, 0] ",2 ,0
RSVP_spatial_cue_replication ,69 ,3 , T1 , 0.0 ,6 ,Q ,J ,0.0 ,2.0 ,"[-1, 0] ",10 ,0
RSVP_spatial_cue_replication ,70 ,3 , T1 , 0.0 ,22 ,L ,V ,0.0 ,-1.0 ,"[-1, 0] ",10 ,0
RSVP_spatial_cue_replication ,71 ,3 , T1 , 0.0 ,18 ,W ,W ,1.0 ,0.0 ,"[1, 0] ",2 ,0
RSVP_spatial_cue_replication ,72 ,3 , T1 , 0.0 ,22 ,D ,D ,1.0 ,0.0 ,"[1, 0] ",2 ,0
RSVP_spatial_cue_replication ,73 ,3 , T1 , 0.0 ,18 ,K ,P ,0.0 ,1.0 ,"[1, 0] ",10 ,0
RSVP_spatial_cue_replication ,74 ,3 , T1 , 0.0 ,18 ,M ,M ,1.0 ,0.0 ,"[-1, 0] ",2 ,0
RSVP_spatial_cue_replication ,75 ,3 , T1 , 0.0 ,14 ,R ,R ,1.0 ,0.0 ,"[1, 0] ",10 ,0
RSVP_spatial_cue_replication ,76 ,3 , T1 , 0.0 ,6 ,R ,E ,0.0 ,1.0 ,"[-1, 0] ",2 ,0
RSVP_spatial_cue_replication ,77 ,3 , T1 , 0.0 ,22 ,G ,G ,1.0 ,0.0 ,"[1, 0] ",2 ,0
RSVP_spatial_cue_replication ,78 ,3 , T1 , 0.0 ,18 ,H ,X ,0.0 ,1.0 ,"[-1, 0] ",10 ,0
RSVP_spatial_cue_replication ,79 ,3 , T1 , 0.0 ,10 ,S ,S ,1.0 ,0.0 ,"[1, 0] ",2 ,0
RSVP_spatial_cue_replication ,80 ,3 , T1 , 0.0 ,6 ,M ,M ,1.0 ,0.0 ,"[1, 0] ",10 ,0
RSVP_spatial_cue_replication ,81 ,3 , T1 , 0.0 ,14 ,A ,A ,1.0 ,0.0 ,"[1, 0] ",10 ,0
RSVP_spatial_cue_replication ,82 ,3 , T1 , 0.0 ,22 ,E ,E ,1.0 ,0.0 ,"[1, 0] ",2 ,0
RSVP_spatial_cue_replication ,83 ,3 , T1 , 0.0 ,6 ,M ,M ,1.0 ,0.0 ,"[1, 0] ",2 ,0
RSVP_spatial_cue_replication ,84 ,3 , T1 , 0.0 ,10 ,H ,H ,1.0 ,0.0 ,"[1, 0] ",2 ,0
RSVP_spatial_cue_replication ,85 ,3 , T1 , 0.0 ,6 ,L ,C ,0.0 ,-1.0 ,"[1, 0] ",2 ,0
RSVP_spatial_cue_replication ,86 ,3 , T1 , 0.0 ,14 ,E ,E ,1.0 ,0.0 ,"[-1, 0] ",2 ,0
RSVP_spatial_cue_replication ,87 ,3 , T1 , 0.0 ,6 ,E ,E ,1.0 ,0.0 ,"[-1, 0] ",2 ,1
RSVP_spatial_cue_replication ,88 ,3 , T1 , 0.0 ,22 ,F ,F ,1.0 ,0.0 ,"[1, 0] ",10 ,0
RSVP_spatial_cue_replication ,89 ,3 , T1 , 0.0 ,18 ,A ,A ,1.0 ,0.0 ,"[1, 0] ",2 ,0
RSVP_spatial_cue_replication ,90 ,3 , T1 , 0.0 ,14 ,B ,B ,1.0 ,0.0 ,"[1, 0] ",10 ,0
RSVP_spatial_cue_replication ,91 ,3 , T1 , 0.0 ,10 ,H ,T ,0.0 ,1.0 ,"[1, 0] ",2 ,0
RSVP_spatial_cue_replication ,92 ,3 , T1 , 0.0 ,6 ,L ,Z ,0.0 ,1.0 ,"[1, 0] ",2 ,0
RSVP_spatial_cue_replication ,93 ,3 , T1 , 0.0 ,6 ,B ,B ,1.0 ,0.0 ,"[1, 0] ",10 ,0
RSVP_spatial_cue_replication ,94 ,3 , T1 , 0.0 ,22 ,Q ,K ,0.0 ,-1.0 ,"[-1, 0] ",10 ,0
RSVP_spatial_cue_replication ,95 ,3 , T1 , 0.0 ,22 ,I ,Y ,0.0 ,-1.0 ,"[1, 0] ",10 ,0
RSVP_spatial_cue_replication ,96 ,3 , T1 , 0.0 ,6 ,N ,N ,1.0 ,0.0 ,"[-1, 0] ",2 ,0
RSVP_spatial_cue_replication ,97 ,3 , T1 , 0.0 ,6 ,C ,W ,0.0 ,-1.0 ,"[1, 0] ",10 ,0
RSVP_spatial_cue_replication ,98 ,3 , T1 , 0.0 ,6 ,D ,C ,0.0 ,-4.0 ,"[1, 0] ",2 ,0
RSVP_spatial_cue_replication ,99 ,3 , T1 , 0.0 ,22 ,H ,O ,0.0 ,-1.0 ,"[-1, 0] ",2 ,0
RSVP_spatial_cue_replication ,100 ,3 , T1 , 0.0 ,18 ,T ,T ,1.0 ,0.0 ,"[1, 0] ",10 ,0
RSVP_spatial_cue_replication ,101 ,3 , T1 , 0.0 ,22 ,Z ,Z ,1.0 ,0.0 ,"[1, 0] ",2 ,0
RSVP_spatial_cue_replication ,102 ,3 , T1 , 0.0 ,6 ,Q ,S ,0.0 ,-1.0 ,"[1, 0] ",2 ,0
RSVP_spatial_cue_replication ,103 ,3 , T1 , 0.0 ,10 ,Y ,K ,0.0 ,-2.0 ,"[1, 0] ",2 ,0
RSVP_spatial_cue_replication ,104 ,3 , T1 , 0.0 ,14 ,U ,F ,0.0 ,-1.0 ,"[-1, 0] ",10 ,0
RSVP_spatial_cue_replication ,105 ,3 , T1 , 0.0 ,10 ,K ,J ,0.0 ,1.0 ,"[-1, 0] ",10 ,1
RSVP_spatial_cue_replication ,106 ,3 , T1 , 0.0 ,22 ,N ,N ,1.0 ,0.0 ,"[-1, 0] ",2 ,0
RSVP_spatial_cue_replication ,107 ,3 , T1 , 0.0 ,10 ,L ,L ,1.0 ,0.0 ,"[-1, 0] ",2 ,0
RSVP_spatial_cue_replication ,108 ,3 , T1 , 0.0 ,22 ,F ,F ,1.0 ,0.0 ,"[-1, 0] ",2 ,0
RSVP_spatial_cue_replication ,109 ,3 , T1 , 0.0 ,14 ,J ,Z ,0.0 ,2.0 ,"[1, 0] ",10 ,0
RSVP_spatial_cue_replication ,110 ,3 , T1 , 0.0 ,10 ,A ,A ,1.0 ,0.0 ,"[1, 0] ",10 ,0
RSVP_spatial_cue_replication ,111 ,3 , T1 , 0.0 ,18 ,A ,A ,1.0 ,0.0 ,"[-1, 0] ",2 ,0
RSVP_spatial_cue_replication ,112 ,3 , T1 , 0.0 ,10 ,R ,S ,0.0 ,1.0 ,"[-1, 0] ",2 ,0
RSVP_spatial_cue_replication ,113 ,3 , T1 , 0.0 ,14 ,B ,B ,1.0 ,0.0 ,"[1, 0] ",10 ,0
RSVP_spatial_cue_replication ,114 ,3 , T1 , 0.0 ,22 ,V ,V ,1.0 ,0.0 ,"[1, 0] ",2 ,0
RSVP_spatial_cue_replication ,115 ,3 , T1 , 0.0 ,18 ,Z ,D ,0.0 ,1.0 ,"[1, 0] ",10 ,0
RSVP_spatial_cue_replication ,116 ,3 , T1 , 0.0 ,14 ,A ,A ,1.0 ,0.0 ,"[-1, 0] ",10 ,2
RSVP_spatial_cue_replication ,117 ,3 , T1 , 0.0 ,14 ,E ,B ,0.0 ,-1.0 ,"[1, 0] ",2 ,0
RSVP_spatial_cue_replication ,118 ,3 , T1 , 0.0 ,6 ,C ,C ,1.0 ,0.0 ,"[1, 0] ",10 ,0
RSVP_spatial_cue_replication ,119 ,3 , T1 , 0.0 ,18 ,Z ,A ,0.0 ,-1.0 ,"[-1, 0] ",2 ,0
RSVP_spatial_cue_replication ,120 ,3 , T1 , 0.0 ,6 ,X ,X ,1.0 ,0.0 ,"[-1, 0] ",10 ,0
RSVP_spatial_cue_replication ,121 ,3 , T1 , 0.0 ,14 ,W ,M ,0.0 ,-2.0 ,"[1, 0] ",10 ,0
RSVP_spatial_cue_replication ,122 ,3 , T1 , 0.0 ,10 ,T ,T ,1.0 ,0.0 ,"[1, 0] ",2 ,0
RSVP_spatial_cue_replication ,123 ,3 , T1 , 0.0 ,6 ,M ,S ,0.0 ,1.0 ,"[1, 0] ",10 ,0
RSVP_spatial_cue_replication ,124 ,3 , T1 , 0.0 ,6 ,Y ,G ,0.0 ,1.0 ,"[1, 0] ",10 ,0
RSVP_spatial_cue_replication ,125 ,3 , T1 , 0.0 ,18 ,U ,K ,0.0 ,-1.0 ,"[-1, 0] ",2 ,0
RSVP_spatial_cue_replication ,126 ,3 , T1 , 0.0 ,18 ,P ,G ,0.0 ,2.0 ,"[-1, 0] ",10 ,0
RSVP_spatial_cue_replication ,127 ,3 , T1 , 0.0 ,6 ,T ,V ,0.0 ,1.0 ,"[-1, 0] ",2 ,0
RSVP_spatial_cue_replication ,128 ,3 , T1 , 0.0 ,18 ,W ,W ,1.0 ,0.0 ,"[1, 0] ",10 ,0
RSVP_spatial_cue_replication ,129 ,3 , T1 , 0.0 ,14 ,F ,F ,1.0 ,0.0 ,"[1, 0] ",10 ,0
RSVP_spatial_cue_replication ,130 ,3 , T1 , 0.0 ,10 ,T ,V ,0.0 ,1.0 ,"[-1, 0] ",2 ,0
RSVP_spatial_cue_replication ,131 ,3 , T1 , 0.0 ,10 ,X ,F ,0.0 ,1.0 ,"[1, 0] ",10 ,0
RSVP_spatial_cue_replication ,132 ,3 , T1 , 0.0 ,22 ,G ,N ,0.0 ,-1.0 ,"[-1, 0] ",10 ,0
RSVP_spatial_cue_replication ,133 ,3 , T1 , 0.0 ,10 ,M ,R ,0.0 ,1.0 ,"[-1, 0] ",10 ,0
RSVP_spatial_cue_replication ,134 ,3 , T1 , 0.0 ,14 ,W ,W ,1.0 ,0.0 ,"[1, 0] ",2 ,0
RSVP_spatial_cue_replication ,135 ,3 , T1 , 0.0 ,22 ,K ,K ,1.0 ,0.0 ,"[1, 0] ",2 ,0
RSVP_spatial_cue_replication ,136 ,3 , T1 , 0.0 ,18 ,B ,B ,1.0 ,0.0 ,"[-1, 0] ",2 ,0
RSVP_spatial_cue_replication ,137 ,3 , T1 , 0.0 ,6 ,U ,C ,0.0 ,1.0 ,"[-1, 0] ",2 ,0
RSVP_spatial_cue_replication ,138 ,3 , T1 , 0.0 ,18 ,T ,T ,1.0 ,0.0 ,"[-1, 0] ",10 ,0
RSVP_spatial_cue_replication ,139 ,3 , T1 , 0.0 ,22 ,C ,C ,1.0 ,0.0 ,"[-1, 0] ",2 ,0
RSVP_spatial_cue_replication ,140 ,3 , T1 , 0.0 ,14 ,F ,F ,1.0 ,0.0 ,"[-1, 0] ",2 ,0
RSVP_spatial_cue_replication ,141 ,3 , T1 , 0.0 ,14 ,Y ,F ,0.0 ,1.0 ,"[1, 0] ",10 ,0
RSVP_spatial_cue_replication ,142 ,3 , T1 , 0.0 ,6 ,Z ,Z ,1.0 ,0.0 ,"[-1, 0] ",10 ,0
RSVP_spatial_cue_replication ,143 ,3 , T1 , 0.0 ,10 ,V ,T ,0.0 ,2.0 ,"[-1, 0] ",2 ,0
RSVP_spatial_cue_replication ,144 ,3 , T1 , 0.0 ,14 ,B ,N ,0.0 ,7.0 ,"[-1, 0] ",10 ,0
RSVP_spatial_cue_replication ,145 ,3 , T1 , 0.0 ,10 ,M ,W ,0.0 ,1.0 ,"[1, 0] ",10 ,0
RSVP_spatial_cue_replication ,146 ,3 , T1 , 0.0 ,18 ,B ,B ,1.0 ,0.0 ,"[1, 0] ",10 ,0
RSVP_spatial_cue_replication ,147 ,3 , T1 , 0.0 ,10 ,R ,R ,1.0 ,0.0 ,"[1, 0] ",10 ,0
RSVP_spatial_cue_replication ,148 ,3 , T1 , 0.0 ,18 ,L ,M ,0.0 ,-1.0 ,"[1, 0] ",2 ,0
RSVP_spatial_cue_replication ,149 ,3 , T1 , 0.0 ,14 ,I ,U ,0.0 ,-1.0 ,"[-1, 0] ",10 ,0
RSVP_spatial_cue_replication ,150 ,3 , T1 , 0.0 ,10 ,K ,K ,1.0 ,0.0 ,"[1, 0] ",2 ,0
RSVP_spatial_cue_replication ,151 ,3 , T1 , 0.0 ,22 ,Y ,J ,0.0 ,1.0 ,"[-1, 0] ",10 ,0
RSVP_spatial_cue_replication ,152 ,3 , T1 , 0.0 ,10 ,I ,A ,0.0 ,2.0 ,"[1, 0] ",10 ,0
RSVP_spatial_cue_replication ,153 ,3 , T1 , 0.0 ,18 ,C ,C ,1.0 ,0.0 ,"[-1, 0] ",10 ,0
RSVP_spatial_cue_replication ,154 ,3 , T1 , 0.0 ,14 ,H ,Y ,0.0 ,-1.0 ,"[-1, 0] ",10 ,0
RSVP_spatial_cue_replication ,155 ,3 , T1 , 0.0 ,14 ,U ,T ,0.0 ,-1.0 ,"[-1, 0] ",10 ,0
RSVP_spatial_cue_replication ,156 ,3 , T1 , 0.0 ,14 ,Z ,Z ,1.0 ,0.0 ,"[1, 0] ",2 ,0
RSVP_spatial_cue_replication ,157 ,3 , T1 , 0.0 ,22 ,H ,H ,1.0 ,0.0 ,"[-1, 0] ",2 ,0
RSVP_spatial_cue_replication ,158 ,3 , T1 , 0.0 ,6 ,P ,P ,1.0 ,0.0 ,"[-1, 0] ",2 ,0
RSVP_spatial_cue_replication ,159 ,3 , T1 , 0.0 ,22 ,G ,G ,1.0 ,0.0 ,"[-1, 0] ",10 ,0
RSVP_spatial_cue_replication ,160 ,3 , T1 , 0.0 ,18 ,K ,K ,1.0 ,0.0 ,"[1, 0] ",2 ,0
RSVP_spatial_cue_replication ,161 ,3 , T1 , 0.0 ,18 ,U ,U ,1.0 ,0.0 ,"[1, 0] ",2 ,0
RSVP_spatial_cue_replication ,162 ,3 , T1 , 0.0 ,10 ,C ,C ,1.0 ,0.0 ,"[-1, 0] ",2 ,0
RSVP_spatial_cue_replication ,163 ,3 , T1 , 0.0 ,22 ,A ,A ,1.0 ,0.0 ,"[-1, 0] ",10 ,0
RSVP_spatial_cue_replication ,164 ,3 , T1 , 0.0 ,6 ,R ,R ,1.0 ,0.0 ,"[1, 0] ",10 ,0
RSVP_spatial_cue_replication ,165 ,3 , T1 , 0.0 ,18 ,I ,F ,0.0 ,-1.0 ,"[1, 0] ",2 ,0
RSVP_spatial_cue_replication ,166 ,3 , T1 , 0.0 ,14 ,L ,U ,0.0 ,-1.0 ,"[1, 0] ",2 ,0
RSVP_spatial_cue_replication ,167 ,3 , T1 , 0.0 ,22 ,L ,S ,0.0 ,1.0 ,"[-1, 0] ",10 ,0
RSVP_spatial_cue_replication ,168 ,3 , T1 , 0.0 ,10 ,Y ,X ,0.0 ,2.0 ,"[-1, 0] ",10 ,0
RSVP_spatial_cue_replication ,169 ,3 , T1 , 0.0 ,6 ,P ,A ,0.0 ,2.0 ,"[-1, 0] ",10 ,0
RSVP_spatial_cue_replication ,170 ,3 , T1 , 0.0 ,6 ,O ,C ,0.0 ,2.0 ,"[-1, 0] ",10 ,0
RSVP_spatial_cue_replication ,171 ,3 , T1 , 0.0 ,14 ,Q ,N ,0.0 ,-1.0 ,"[-1, 0] ",10 ,0
RSVP_spatial_cue_replication ,172 ,3 , T1 , 0.0 ,18 ,B ,P ,0.0 ,2.0 ,"[1, 0] ",10 ,0
RSVP_spatial_cue_replication ,173 ,3 , T1 , 0.0 ,10 ,D ,G ,0.0 ,1.0 ,"[1, 0] ",2 ,0
RSVP_spatial_cue_replication ,174 ,3 , T1 , 0.0 ,10 ,H ,O ,0.0 ,-1.0 ,"[1, 0] ",2 ,0
RSVP_spatial_cue_replication ,175 ,3 , T1 , 0.0 ,6 ,F ,F ,1.0 ,0.0 ,"[-1, 0] ",10 ,0
RSVP_spatial_cue_replication ,176 ,3 , T1 , 0.0 ,22 ,J ,V ,0.0 ,1.0 ,"[1, 0] ",10 ,0
RSVP_spatial_cue_replication ,177 ,3 , T1 , 0.0 ,22 ,O ,N ,0.0 ,-1.0 ,"[1, 0] ",10 ,0
RSVP_spatial_cue_replication ,178 ,3 , T1 , 0.0 ,18 ,K ,K ,1.0 ,0.0 ,"[1, 0] ",10 ,0
RSVP_spatial_cue_replication ,179 ,3 , T1 , 0.0 ,14 ,M ,M ,1.0 ,0.0 ,"[-1, 0] ",2 ,0
RSVP_spatial_cue_replication ,180 ,3 , T1 , 0.0 ,18 ,X ,X ,1.0 ,0.0 ,"[1, 0] ",10 ,0
RSVP_spatial_cue_replication ,181 ,3 , T1 , 0.0 ,18 ,F ,F ,1.0 ,0.0 ,"[1, 0] ",10 ,0
RSVP_spatial_cue_replication ,182 ,3 , T1 , 0.0 ,14 ,J ,E ,0.0 ,1.0 ,"[1, 0] ",10 ,0
RSVP_spatial_cue_replication ,183 ,3 , T1 , 0.0 ,14 ,V ,X ,0.0 ,-1.0 ,"[-1, 0] ",2 ,0
RSVP_spatial_cue_replication ,184 ,3 , T1 , 0.0 ,10 ,H ,H ,1.0 ,0.0 ,"[1, 0] ",2 ,0
RSVP_spatial_cue_replication ,185 ,3 , T1 , 0.0 ,14 ,X ,U ,0.0 ,-1.0 ,"[-1, 0] ",10 ,0
RSVP_spatial_cue_replication ,186 ,3 , T1 , 0.0 ,22 ,A ,A ,1.0 ,0.0 ,"[-1, 0] ",10 ,1
RSVP_spatial_cue_replication ,187 ,3 , T1 , 0.0 ,10 ,O ,A ,0.0 ,-1.0 ,"[-1, 0] ",10 ,0
RSVP_spatial_cue_replication ,188 ,3 , T1 , 0.0 ,18 ,O ,E ,0.0 ,-1.0 ,"[1, 0] ",2 ,0
RSVP_spatial_cue_replication ,189 ,3 , T1 , 0.0 ,14 ,W ,D ,0.0 ,-3.0 ,"[1, 0] ",10 ,0
RSVP_spatial_cue_replication ,190 ,3 , T1 , 0.0 ,10 ,R ,N ,0.0 ,1.0 ,"[-1, 0] ",2 ,0
RSVP_spatial_cue_replication ,191 ,3 , T1 , 0.0 ,18 ,N ,N ,1.0 ,0.0 ,"[-1, 0] ",2 ,0
RSVP_spatial_cue_replication ,192 ,3 , T1 , 0.0 ,14 ,C ,B ,0.0 ,11.0 ,"[-1, 0] ",10 ,0
RSVP_spatial_cue_replication ,193 ,3 , T1 , 0.0 ,22 ,Q ,Q ,1.0 ,0.0 ,"[1, 0] ",10 ,0
RSVP_spatial_cue_replication ,194 ,3 , T1 , 0.0 ,6 ,S ,S ,1.0 ,0.0 ,"[1, 0] ",2 ,0
RSVP_spatial_cue_replication ,195 ,3 , T1 , 0.0 ,18 ,M ,M ,1.0 ,0.0 ,"[1, 0] ",2 ,0
RSVP_spatial_cue_replication ,196 ,3 , T1 , 0.0 ,18 ,F ,F ,1.0 ,0.0 ,"[-1, 0] ",10 ,0
RSVP_spatial_cue_replication ,197 ,3 , T1 , 0.0 ,6 ,R ,R ,1.0 ,0.0 ,"[1, 0] ",10 ,0
RSVP_spatial_cue_replication ,198 ,3 , T1 , 0.0 ,18 ,T ,T ,1.0 ,0.0 ,"[-1, 0] ",10 ,0
RSVP_spatial_cue_replication ,199 ,3 , T1 , 0.0 ,18 ,O ,H ,0.0 ,-1.0 ,"[1, 0] ",10 ,0
RSVP_spatial_cue_replication ,200 ,3 , T1 , 0.0 ,14 ,Z ,Z ,1.0 ,0.0 ,"[-1, 0] ",2 ,0
RSVP_spatial_cue_replication ,201 ,3 , T1 , 0.0 ,10 ,A ,A ,1.0 ,0.0 ,"[-1, 0] ",2 ,0
RSVP_spatial_cue_replication ,202 ,3 , T1 , 0.0 ,14 ,I ,A ,0.0 ,1.0 ,"[1, 0] ",10 ,0
RSVP_spatial_cue_replication ,203 ,3 , T1 , 0.0 ,18 ,Z ,Z ,1.0 ,0.0 ,"[-1, 0] ",2 ,0
RSVP_spatial_cue_replication ,204 ,3 , T1 , 0.0 ,10 ,P ,K ,0.0 ,1.0 ,"[-1, 0] ",2 ,0
RSVP_spatial_cue_replication ,205 ,3 , T1 , 0.0 ,18 ,O ,O ,1.0 ,0.0 ,"[-1, 0] ",2 ,0
RSVP_spatial_cue_replication ,206 ,3 , T1 , 0.0 ,18 ,J ,N ,0.0 ,-1.0 ,"[-1, 0] ",10 ,0
RSVP_spatial_cue_replication ,207 ,3 , T1 , 0.0 ,22 ,J ,R ,0.0 ,-12.0 ,"[1, 0] ",2 ,0
RSVP_spatial_cue_replication ,208 ,3 , T1 , 0.0 ,14 ,O ,A ,0.0 ,3.0 ,"[-1, 0] ",10 ,0
RSVP_spatial_cue_replication ,209 ,3 , T1 , 0.0 ,22 ,J ,J ,1.0 ,0.0 ,"[-1, 0] ",10 ,0
RSVP_spatial_cue_replication ,210 ,3 , T1 , 0.0 ,10 ,D ,K ,0.0 ,-1.0 ,"[-1, 0] ",10 ,0
RSVP_spatial_cue_replication ,211 ,3 , T1 , 0.0 ,14 ,K ,K ,1.0 ,0.0 ,"[1, 0] ",10 ,0
RSVP_spatial_cue_replication ,212 ,3 , T1 , 0.0 ,6 ,O ,M ,0.0 ,-1.0 ,"[-1, 0] ",10 ,0
RSVP_spatial_cue_replication ,213 ,3 , T1 , 0.0 ,14 ,Y ,K ,0.0 ,1.0 ,"[-1, 0] ",2 ,0
RSVP_spatial_cue_replication ,214 ,3 , T1 , 0.0 ,14 ,G ,G ,1.0 ,0.0 ,"[1, 0] ",2 ,0
RSVP_spatial_cue_replication ,215 ,3 , T1 , 0.0 ,22 ,E ,E ,1.0 ,0.0 ,"[-1, 0] ",2 ,0
RSVP_spatial_cue_replication ,216 ,3 , T1 , 0.0 ,22 ,Z ,F ,0.0 ,2.0 ,"[1, 0] ",10 ,0
RSVP_spatial_cue_replication ,217 ,3 , T1 , 0.0 ,18 ,S ,S ,1.0 ,0.0 ,"[-1, 0] ",10 ,0
RSVP_spatial_cue_replication ,218 ,3 , T1 , 0.0 ,14 ,Z ,D ,0.0 ,1.0 ,"[-1, 0] ",2 ,0
RSVP_spatial_cue_replication ,219 ,3 , T1 , 0.0 ,14 ,J ,E ,0.0 ,1.0 ,"[-1, 0] ",2 ,1
RSVP_spatial_cue_replication ,220 ,3 , T1 , 0.0 ,6 ,E ,F ,0.0 ,-3.0 ,"[-1, 0] ",10 ,0
RSVP_spatial_cue_replication ,221 ,3 , T1 , 0.0 ,22 ,X ,X ,1.0 ,0.0 ,"[-1, 0] ",2 ,0
RSVP_spatial_cue_replication ,222 ,3 , T1 , 0.0 ,6 ,N ,N ,1.0 ,0.0 ,"[1, 0] ",2 ,0
RSVP_spatial_cue_replication ,223 ,3 , T1 , 0.0 ,14 ,H ,A ,0.0 ,1.0 ,"[-1, 0] ",2 ,0
RSVP_spatial_cue_replication ,224 ,3 , T1 , 0.0 ,18 ,N ,N ,1.0 ,0.0 ,"[-1, 0] ",2 ,0
RSVP_spatial_cue_replication ,225 ,3 , T1 , 0.0 ,18 ,U ,A ,0.0 ,-1.0 ,"[-1, 0] ",10 ,0
RSVP_spatial_cue_replication ,226 ,3 , T1 , 0.0 ,14 ,Q ,H ,0.0 ,-1.0 ,"[1, 0] ",2 ,0
RSVP_spatial_cue_replication ,227 ,3 , T1 , 0.0 ,6 ,G ,N ,0.0 ,3.0 ,"[-1, 0] ",10 ,0
RSVP_spatial_cue_replication ,228 ,3 , T1 , 0.0 ,18 ,D ,C ,0.0 ,1.0 ,"[-1, 0] ",10 ,0
RSVP_spatial_cue_replication ,229 ,3 , T1 , 0.0 ,6 ,F ,M ,0.0 ,2.0 ,"[-1, 0] ",10 ,0
RSVP_spatial_cue_replication ,230 ,3 , T1 , 0.0 ,22 ,P ,P ,1.0 ,0.0 ,"[1, 0] ",10 ,0
RSVP_spatial_cue_replication ,231 ,3 , T1 , 0.0 ,22 ,Q ,F ,0.0 ,-1.0 ,"[-1, 0] ",10 ,0
RSVP_spatial_cue_replication ,232 ,3 , T1 , 0.0 ,10 ,X ,X ,1.0 ,0.0 ,"[1, 0] ",2 ,0
RSVP_spatial_cue_replication ,233 ,3 , T1 , 0.0 ,22 ,I ,C ,0.0 ,-1.0 ,"[1, 0] ",2 ,0
RSVP_spatial_cue_replication ,234 ,3 , T1 , 0.0 ,22 ,B ,B ,1.0 ,0.0 ,"[-1, 0] ",2 ,0
RSVP_spatial_cue_replication ,235 ,3 , T1 , 0.0 ,6 ,S ,S ,1.0 ,0.0 ,"[1, 0] ",2 ,0
RSVP_spatial_cue_replication ,236 ,3 , T1 , 0.0 ,18 ,D ,D ,1.0 ,0.0 ,"[1, 0] ",10 ,0
RSVP_spatial_cue_replication ,237 ,3 , T1 , 0.0 ,22 ,I ,J ,0.0 ,-1.0 ,"[-1, 0] ",2 ,0
RSVP_spatial_cue_replication ,238 ,3 , T1 , 0.0 ,6 ,B ,B ,1.0 ,0.0 ,"[-1, 0] ",10 ,0
RSVP_spatial_cue_replication ,239 ,3 , T1 , 0.0 ,14 ,H ,H ,1.0 ,0.0 ,"[-1, 0] ",2 ,0
RSVP_spatial_cue_replication ,240 ,3 , T1 , 0.0 ,10 ,F ,F ,1.0 ,0.0 ,"[1, 0] ",10 ,0
RSVP_spatial_cue_replication ,241 ,3 , T1 , 0.0 ,22 ,M ,M ,1.0 ,0.0 ,"[1, 0] ",10 ,0
RSVP_spatial_cue_replication ,242 ,3 , T1 , 0.0 ,6 ,S ,M ,0.0 ,-1.0 ,"[-1, 0] ",2 ,0
RSVP_spatial_cue_replication ,243 ,3 , T1 , 0.0 ,22 ,Y ,Y ,1.0 ,0.0 ,"[-1, 0] ",10 ,0
RSVP_spatial_cue_replication ,244 ,3 , T1 , 0.0 ,18 ,U ,H ,0.0 ,1.0 ,"[1, 0] ",2 ,0
RSVP_spatial_cue_replication ,245 ,3 , T1 , 0.0 ,18 ,L ,K ,0.0 ,-2.0 ,"[1, 0] ",10 ,0
RSVP_spatial_cue_replication ,246 ,3 , T1 , 0.0 ,6 ,Q ,Q ,1.0 ,0.0 ,"[-1, 0] ",2 ,0
RSVP_spatial_cue_replication ,247 ,3 , T1 , 0.0 ,6 ,E ,E ,1.0 ,0.0 ,"[1, 0] ",2 ,0
RSVP_spatial_cue_replication ,248 ,3 , T1 , 0.0 ,6 ,E ,F ,0.0 ,2.0 ,"[-1, 0] ",10 ,0
RSVP_spatial_cue_replication ,249 ,3 , T1 , 0.0 ,22 ,N ,G ,0.0 ,-3.0 ,"[1, 0] ",10 ,0
RSVP_spatial_cue_replication ,250 ,3 , T1 , 0.0 ,14 ,H ,H ,1.0 ,0.0 ,"[1, 0] ",2 ,0
RSVP_spatial_cue_replication ,251 ,3 , T1 , 0.0 ,10 ,W ,U ,0.0 ,-2.0 ,"[-1, 0] ",10 ,0
RSVP_spatial_cue_replication ,252 ,3 , T1 , 0.0 ,10 ,R ,W ,0.0 ,1.0 ,"[1, 0] ",10 ,0
RSVP_spatial_cue_replication ,253 ,3 , T1 , 0.0 ,10 ,D ,D ,1.0 ,0.0 ,"[-1, 0] ",2 ,0
RSVP_spatial_cue_replication ,254 ,3 , T1 , 0.0 ,6 ,C ,C ,1.0 ,0.0 ,"[-1, 0] ",10 ,0
RSVP_spatial_cue_replication ,255 ,3 , T1 , 0.0 ,10 ,G ,G ,1.0 ,0.0 ,"[1, 0] ",2 ,0
RSVP_spatial_cue_replication ,256 ,3 , T1 , 0.0 ,6 ,D ,N ,0.0 ,2.0 ,"[1, 0] ",10 ,0
RSVP_spatial_cue_replication ,257 ,3 , T1 , 0.0 ,10 ,G ,G ,1.0 ,0.0 ,"[-1, 0] ",2 ,0
RSVP_spatial_cue_replication ,258 ,3 , T1 , 0.0 ,10 ,A ,A ,1.0 ,0.0 ,"[1, 0] ",10 ,0
RSVP_spatial_cue_replication ,259 ,3 , T1 , 0.0 ,14 ,I ,W ,0.0 ,-1.0 ,"[-1, 0] ",10 ,0
RSVP_spatial_cue_replication ,260 ,3 , T1 , 0.0 ,10 ,A ,A ,1.0 ,0.0 ,"[-1, 0] ",2 ,0
RSVP_spatial_cue_replication ,261 ,3 , T1 , 0.0 ,10 ,N ,N ,1.0 ,0.0 ,"[1, 0] ",10 ,0
RSVP_spatial_cue_replication ,262 ,3 , T1 , 0.0 ,22 ,E ,E ,1.0 ,0.0 ,"[-1, 0] ",10 ,0
RSVP_spatial_cue_replication ,263 ,3 , T1 , 0.0 ,10 ,M ,K ,0.0 ,-1.0 ,"[-1, 0] ",10 ,0
RSVP_spatial_cue_replication ,264 ,3 , T1 , 0.0 ,22 ,M ,M ,1.0 ,0.0 ,"[-1, 0] ",2 ,0
RSVP_spatial_cue_replication ,265 ,3 , T1 , 0.0 ,6 ,X ,C ,0.0 ,1.0 ,"[-1, 0] ",2 ,0
RSVP_spatial_cue_replication ,266 ,3 , T1 , 0.0 ,18 ,J ,T ,0.0 ,1.0 ,"[1, 0] ",2 ,0
RSVP_spatial_cue_replication ,267 ,3 , T1 , 0.0 ,6 ,P ,P ,1.0 ,0.0 ,"[1, 0] ",10 ,0
RSVP_spatial_cue_replication ,268 ,3 , T1 , 0.0 ,10 ,M ,M ,1.0 ,0.0 ,"[1, 0] ",10 ,0
RSVP_spatial_cue_replication ,269 ,3 , T1 , 0.0 ,6 ,O ,X ,0.0 ,2.0 ,"[1, 0] ",2 ,0
RSVP_spatial_cue_replication ,270 ,3 , T1 , 0.0 ,6 ,J ,J ,1.0 ,0.0 ,"[-1, 0] ",2 ,0
RSVP_spatial_cue_replication ,271 ,3 , T1 , 0.0 ,6 ,W ,C ,0.0 ,5.0 ,"[1, 0] ",2 ,0
RSVP_spatial_cue_replication ,272 ,3 , T1 , 0.0 ,6 ,R ,R ,1.0 ,0.0 ,"[1, 0] ",10 ,0
RSVP_spatial_cue_replication ,273 ,3 , T1 , 0.0 ,14 ,Q ,X ,0.0 ,-1.0 ,"[-1, 0] ",2 ,0
RSVP_spatial_cue_replication ,274 ,3 , T1 , 0.0 ,10 ,Z ,N ,0.0 ,-1.0 ,"[1, 0] ",2 ,0
RSVP_spatial_cue_replication ,275 ,3 , T1 , 0.0 ,14 ,R ,R ,1.0 ,0.0 ,"[1, 0] ",2 ,0
RSVP_spatial_cue_replication ,276 ,3 , T1 , 0.0 ,18 ,H ,H ,1.0 ,0.0 ,"[-1, 0] ",2 ,0
RSVP_spatial_cue_replication ,277 ,3 , T1 , 0.0 ,14 ,D ,D ,1.0 ,0.0 ,"[1, 0] ",2 ,0
RSVP_spatial_cue_replication ,278 ,3 , T1 , 0.0 ,22 ,S ,S ,1.0 ,0.0 ,"[-1, 0] ",10 ,0
RSVP_spatial_cue_replication ,279 ,3 , T1 , 0.0 ,14 ,C ,U ,0.0 ,-1.0 ,"[-1, 0] ",10 ,0
